CP1,2781729.734,486357.627,99.820,CP
CP2,2781763.203,486259.586,98.646,CP
2,2781740.707,486319.653,99.089,ROAD
3,2781738.119,486326.292,99.197,ROAD
4,2781736.358,486330.942,99.276,ROAD
5,2781734.150,486336.408,99.313,ROAD
6,2781733.133,486338.932,99.352,ROAD
7,2781731.507,486343.342,99.427,ROAD
8,2781733.657,486338.243,99.370,ROAD
9,2781726.592,486356.971,99.844,ROAD
10,2781727.065,486355.627,99.795,ROAD
11,2781727.892,486353.450,99.715,ROAD
12,2781728.394,486351.941,99.669,ROAD
13,2781729.026,486350.376,99.615,ROAD
14,2781730.031,486347.862,99.556,ROAD
15,2781730.885,486345.672,99.488,ROAD
16,2781732.875,486340.210,99.385,ROAD
17,2781737.688,486327.478,99.216,ROAD
18,2781736.888,486329.769,99.254,ROAD
1,2781725.756,486331.234,96.528,ROAD
19,2781724.820,486350.320,99.357,Khadi
20,2781724.216,486350.509,99.311,Khadi
21,2781718.570,486352.193,99.284,Khadi
22,2781713.704,486353.619,99.312,Khadi
23,2781703.522,486356.623,99.109,Khadi
24,2781699.943,486357.673,99.365,Khadi
25,2781724.645,486349.638,99.348,Khadi
26,2781723.788,486346.642,99.345,Khadi
27,2781722.142,486340.939,99.370,tree
28,2781721.169,486337.607,99.395,tree
29,2781721.835,486362.570,99.713,tree
30,2781722.803,486360.472,99.631,tree
31,2781713.536,486380.369,100.574,tree
32,2781709.506,486371.268,99.666,tree
33,2781725.632,486352.857,99.501,Khadi
34,2781719.731,486359.757,99.373,khadi front
35,2781719.006,486359.911,99.377,khadi front
36,2781717.890,486360.624,99.395,khadi front
37,2781717.034,486360.841,99.395,khadi front
38,2781721.224,486364.028,99.962,khadi front
39,2781721.226,486364.591,100.027,khadi front
40,2781720.388,486365.491,100.004,khadi front
41,2781719.752,486366.380,100.030,khadi front
42,2781718.741,486367.284,100.049,khadi front
43,2781718.544,486366.938,100.014,khadi front
44,2781718.451,486366.383,99.954,khadi front
45,2781719.459,486365.890,99.956,khadi front
46,2781719.754,486365.044,99.887,khadi front
47,2781718.321,486363.871,99.653,khadi front
48,2781720.025,486362.403,99.575,khadi front
49,2781716.556,486359.624,99.367,khadi front
50,2781719.995,486358.995,99.353,khadi front
51,2781718.425,486358.268,99.354,khadi front
52,2781716.268,486358.436,99.354,khadi front
53,2781719.591,486357.251,99.335,khadi front
54,2781718.439,486357.218,99.345,khadi front
55,2781716.044,486357.132,99.343,khadi front
56,2781715.915,486356.132,99.340,khadi front
57,2781715.479,486355.289,99.344,khadi front
58,2781719.182,486355.483,99.325,khadi front
59,2781718.970,486354.553,99.323,khadi front
60,2781715.276,486354.142,99.373,khadi front
61,2781715.131,486353.492,99.389,khadi front
62,2781725.918,486358.908,99.894,contourcp1
63,2781726.913,486359.355,99.926,contourcp1
64,2781728.681,486359.849,99.928,contourcp1
65,2781728.764,486361.377,99.992,contourcp1
66,2781728.143,486361.137,99.999,contourcp1
67,2781727.288,486360.622,99.994,contourcp1
68,2781726.182,486360.276,99.986,contourcp1
69,2781725.382,486360.160,99.966,contourcp1
70,2781724.586,486359.969,99.937,contourcp1
71,2781724.212,486361.253,100.038,contourcp1
72,2781725.626,486361.861,100.061,contourcp1
73,2781726.551,486362.186,100.071,contourcp1
74,2781727.550,486362.723,100.073,contourcp1
75,2781728.048,486363.382,100.059,contourcp1
76,2781727.541,486364.759,100.129,contourcp1
77,2781726.656,486364.525,100.172,contourcp1
78,2781725.824,486364.331,100.178,contourcp1
79,2781724.765,486363.740,100.155,contourcp1
80,2781723.439,486363.486,100.097,contourcp1
81,2781722.977,486364.677,100.161,contourcp1
82,2781724.099,486365.102,100.211,contourcp1
83,2781724.866,486365.577,100.238,contourcp1
84,2781725.631,486365.968,100.240,contourcp1
85,2781726.336,486366.413,100.225,contourcp1
86,2781726.790,486366.949,100.182,contourcp1
87,2781726.036,486368.793,100.268,contourcp1
88,2781725.491,486368.135,100.309,contourcp1
89,2781724.882,486367.844,100.311,contourcp1
90,2781724.187,486367.102,100.290,contourcp1
91,2781723.078,486366.736,100.261,contourcp1
92,2781722.351,486366.627,100.194,contourcp1
93,2781722.790,486365.266,100.161,contourcp1
94,2781721.219,486367.912,100.166,contourcp1
95,2781721.933,486368.219,100.209,contourcp1
96,2781722.298,486368.553,100.264,contourcp1
97,2781722.940,486368.624,100.287,contourcp1
98,2781723.431,486369.172,100.304,contourcp1
99,2781724.115,486369.333,100.317,contourcp1
100,2781724.767,486369.796,100.325,contourcp1
101,2781725.379,486370.392,100.297,contourcp1
102,2781724.344,486371.871,100.342,contourcp1
103,2781723.571,486371.367,100.328,contourcp1
104,2781722.928,486371.155,100.313,contourcp1
105,2781722.454,486370.212,100.293,contourcp1
106,2781721.693,486369.850,100.259,contourcp1
107,2781721.799,486368.747,100.229,contourcp1
108,2781721.723,486368.317,100.198,contourcp1
109,2781721.724,486367.781,100.184,contourcp1
110,2781721.248,486367.604,100.169,contourcp1
111,2781720.315,486368.271,100.150,contourcp1
112,2781719.663,486370.325,100.150,contourcp1
113,2781720.076,486370.779,100.192,contourcp1
114,2781720.349,486371.276,100.222,contourcp1
115,2781720.789,486372.327,100.260,contourcp1
116,2781721.087,486373.642,100.288,contourcp1
117,2781721.735,486373.727,100.301,contourcp1
118,2781722.199,486374.168,100.289,contourcp1
119,2781722.925,486374.383,100.294,contourcp1
120,2781723.526,486374.432,100.289,contourcp1
121,2781724.268,486374.262,100.293,contourcp1
122,2781724.627,486374.379,100.292,contourcp1
123,2781725.538,486373.760,100.288,contourcp1
124,2781726.203,486373.928,100.287,contourcp1
125,2781727.110,486374.183,100.282,contourcp1
126,2781727.844,486374.387,100.275,contourcp1
127,2781728.563,486374.598,100.265,contourcp1
128,2781729.293,486374.739,100.258,contourcp1
129,2781729.722,486374.821,100.253,contourcp1
130,2781730.179,486374.921,100.246,contourcp1
131,2781730.073,486376.425,100.261,contourcp1
132,2781730.019,486378.825,100.288,contourcp1
133,2781729.667,486378.688,100.295,contourcp1
134,2781729.248,486378.553,100.301,contourcp1
135,2781728.189,486379.071,100.324,contourcp1
136,2781727.515,486379.617,100.340,contourcp1
137,2781727.364,486378.052,100.322,contourcp1
138,2781727.056,486380.710,100.361,contourcp1
139,2781726.303,486379.841,100.353,contourcp1
140,2781725.538,486379.257,100.336,contourcp1
141,2781725.617,486377.919,100.321,contourcp1
142,2781724.958,486377.634,100.325,contourcp1
143,2781725.739,486378.034,100.323,contourcp1
144,2781726.993,486374.875,100.279,contourcp1
145,2781727.322,486363.835,100.111,contourcp1
146,2781727.881,486362.623,100.040,contourcp1
147,2781728.123,486362.521,100.034,contourcp1
148,2781728.394,486361.723,100.004,contourcp1
149,2781728.783,486360.893,99.966,contourcp1
150,2781729.171,486360.046,99.925,contourcp1
151,2781729.528,486359.344,99.895,contourcp1
152,2781730.117,486360.037,99.890,contourcp1
153,2781730.676,486361.208,99.816,contourcp1
154,2781730.269,486362.339,99.955,contourcp1
155,2781730.082,486363.718,100.056,contourcp1
156,2781730.082,486363.718,100.056,contourcp1
157,2781728.678,486364.575,100.169,contourcp1
158,2781727.190,486366.670,100.126,contourcp1
159,2781726.036,486370.776,100.254,contourcp1
160,2781724.548,486373.972,100.292,contourcp1
161,2781720.299,486373.041,100.255,contourcp1
162,2781719.845,486371.904,100.216,contourcp1
163,2781719.608,486370.618,100.164,contourcp1
164,2781717.721,486371.938,100.110,contourcp1
165,2781715.883,486373.571,100.077,contourcp1
166,2781713.119,486377.508,100.096,contourcp1
167,2781714.789,486376.825,100.112,contourcp1
168,2781716.124,486376.574,100.147,contourcp1
169,2781717.069,486375.978,100.182,contourcp1
170,2781718.180,486375.747,100.224,contourcp1
171,2781717.874,486377.900,100.229,contourcp1
172,2781717.910,486377.839,100.214,contourcp1
173,2781718.901,486378.972,100.284,contourcp1
174,2781723.295,486374.794,100.297,contourcp1
175,2781724.237,486377.461,100.323,contourcp1
176,2781719.337,486378.343,100.256,contourcp1
177,2781720.480,486373.757,100.275,contourcp1
178,2781716.499,486377.136,100.173,contourcp1
179,2781712.567,486378.276,100.106,contourcp1
180,2781711.633,486377.482,100.086,contourcp1
181,2781713.425,486375.381,100.061,contourcp1
182,2781711.613,486375.666,100.052,contourcp1
183,2781711.047,486375.165,100.026,contourcp1
184,2781715.585,486373.312,100.058,contourcp1
185,2781714.148,486374.014,100.044,contourcp1
186,2781718.560,486377.687,100.224,contourcp1
187,2781722.834,486374.785,100.296,contourcp1
188,2781725.137,486374.120,100.291,contourcp1
189,2781722.323,486386.807,100.886,contourcp1
190,2781727.960,486352.298,99.678,contourcp1
191,2781728.784,486352.086,99.675,contourcp1
192,2781729.426,486352.043,99.684,contourcp1
193,2781727.850,486352.364,99.686,contourcp1
194,2781727.692,486352.070,99.680,contourcp1
195,2781728.116,486351.203,99.649,contourcp1
196,2781728.911,486349.495,99.576,contourcp1
197,2781729.858,486350.977,99.665,contourcp1
198,2781730.425,486349.584,99.621,contourcp1
199,2781729.938,486353.346,99.732,contourcp1
200,2781730.944,486349.664,99.633,contourcp1
201,2781731.954,486347.270,99.547,contourcp1
202,2781731.954,486347.272,99.547,contourcp1
203,2781732.853,486346.164,99.511,contourcp1
204,2781732.210,486347.151,99.540,contourcp1
205,2781732.886,486345.002,99.484,contourcp1
206,2781733.615,486342.063,99.418,contourcp1
207,2781734.690,486338.245,99.385,contourcp1
208,2781735.947,486333.777,99.333,contourcp1
209,2781737.403,486328.872,99.271,contourcp1
210,2781738.778,486325.963,99.215,contourcp1
211,2781731.828,486352.023,99.627,CP.UG1
CPUG1.3,2781780.080,486247.607,99.515,CPUG1.3
IP1,2781739.339,486330.965,99.273,Resect
212,2781728.119,486326.268,99.385,RASHALA
213,2781727.994,486326.592,97.890,RASHALA
214,2781728.318,486325.830,99.369,RASHALA
215,2781728.368,486325.898,99.369,RASHALA
216,2781726.781,486328.577,99.387,RASHALA
217,2781724.110,486329.602,99.429,RASHALA
218,2781725.292,486333.467,99.401,RASHALA
219,2781713.440,486337.064,99.425,RASHALA
220,2781727.553,486323.191,99.398,RASHALA
221,2781731.340,486321.992,99.365,RASHALA
222,2781727.979,486310.253,99.366,RASHALA
223,2781735.001,486324.394,99.280,Tree
224,2781739.456,486313.856,98.791,Tree
225,2781729.888,486337.346,99.257,Tree
CP3,2781784.486,486246.629,99.526,CP
226,2781761.967,486257.438,98.751,DIRT SLOPE
227,2781763.185,486255.623,98.831,DIRT SLOPE
228,2781762.490,486255.468,98.765,DIRT SLOPE
229,2781761.788,486256.230,98.723,DIRT SLOPE
230,2781762.223,486256.559,98.777,DIRT SLOPE
231,2781761.837,486256.270,98.727,DIRT SLOPE
232,2781761.898,486256.607,98.671,DIRT SLOPE
233,2781761.630,486256.488,98.657,DIRT SLOPE
234,2781761.210,486257.007,98.631,DIRT SLOPE
235,2781760.431,486256.475,98.499,DIRT SLOPE
236,2781759.599,486256.312,98.398,DIRT SLOPE
237,2781760.247,486255.231,98.451,DIRT SLOPE
238,2781758.837,486256.209,98.311,DIRT SLOPE
239,2781757.819,486256.060,98.205,DIRT SLOPE
240,2781758.893,486255.038,98.326,DIRT SLOPE
241,2781757.138,486254.764,98.102,DIRT SLOPE
242,2781755.697,486254.547,97.908,DIRT SLOPE
243,2781754.117,486254.235,97.689,DIRT SLOPE
244,2781751.786,486252.695,97.437,DIRT SLOPE
245,2781770.202,486264.516,98.507,ROAD
246,2781769.529,486265.635,98.473,ROAD
247,2781769.003,486266.569,98.458,ROAD
248,2781768.564,486267.561,98.411,ROAD
249,2781767.600,486269.087,98.444,ROAD
250,2781766.808,486270.627,98.416,ROAD
251,2781765.280,486273.102,98.457,ROAD
252,2781763.192,486276.894,98.503,ROAD
253,2781761.202,486261.709,98.605,ROAD
254,2781760.457,486263.235,98.549,ROAD
255,2781759.789,486264.895,98.523,ROAD
256,2781759.225,486266.785,98.498,ROAD
257,2781758.002,486270.206,98.474,ROAD
258,2781756.213,486276.171,98.544,ROAD
259,2781766.710,486260.549,98.560,CONTOUR CP2
260,2781766.741,486259.619,98.604,CONTOUR CP2
261,2781766.512,486258.709,98.656,CONTOUR CP2
262,2781767.514,486258.454,98.670,CONTOUR CP2
263,2781768.473,486258.202,98.701,CONTOUR CP2
264,2781769.544,486257.922,98.737,CONTOUR CP2
265,2781770.887,486257.569,98.829,CONTOUR CP2
266,2781772.351,486257.185,98.891,CONTOUR CP2
267,2781774.447,486256.634,99.076,CONTOUR CP2
268,2781774.280,486255.885,99.114,CONTOUR CP2
269,2781772.993,486256.315,99.002,CONTOUR CP2
270,2781771.488,486256.818,98.898,CONTOUR CP2
271,2781770.415,486257.176,98.832,CONTOUR CP2
272,2781769.422,486257.508,98.765,CONTOUR CP2
273,2781768.566,486257.794,98.728,CONTOUR CP2
274,2781767.501,486258.150,98.690,CONTOUR CP2
275,2781766.602,486258.450,98.676,CONTOUR CP2
276,2781766.236,486257.845,98.712,CONTOUR CP2
277,2781767.174,486257.306,98.737,CONTOUR CP2
278,2781768.023,486256.819,98.785,CONTOUR CP2
279,2781769.083,486256.210,98.859,CONTOUR CP2
280,2781770.582,486255.350,98.980,CONTOUR CP2
281,2781772.165,486254.441,99.112,CONTOUR CP2
282,2781773.874,486253.459,99.272,CONTOUR CP2
283,2781774.196,486253.792,99.263,CONTOUR CP2
284,2781774.492,486254.051,99.252,CONTOUR CP2
285,2781773.395,486252.953,99.283,CONTOUR CP2
286,2781772.998,486252.547,99.290,CONTOUR CP2
287,2781772.535,486252.061,99.295,CONTOUR CP2
288,2781771.977,486251.345,99.292,CONTOUR CP2
289,2781771.472,486250.940,99.297,CONTOUR CP2
290,2781770.240,486251.692,99.228,CONTOUR CP2
291,2781769.131,486252.936,99.123,CONTOUR CP2
292,2781768.511,486253.632,99.057,CONTOUR CP2
293,2781767.433,486254.841,98.956,CONTOUR CP2
294,2781766.716,486255.645,98.865,CONTOUR CP2
295,2781765.933,486256.523,98.790,CONTOUR CP2
296,2781766.512,486255.874,98.838,CONTOUR CP2
297,2781766.728,486254.693,98.937,CONTOUR CP2
298,2781766.351,486255.216,98.886,CONTOUR CP2
299,2781765.723,486256.088,98.817,CONTOUR CP2
300,2781764.885,486257.251,98.731,CONTOUR CP2
301,2781764.527,486257.748,98.702,CONTOUR CP2
302,2781764.119,486257.515,98.703,CONTOUR CP2
303,2781763.576,486257.378,98.718,CONTOUR CP2
304,2781762.671,486257.448,98.742,CONTOUR CP2
305,2781762.251,486257.598,98.742,CONTOUR CP2
306,2781777.442,486253.776,99.442,CONTOUR CP2
307,2781775.084,486253.657,99.313,CONTOUR CP2
308,2781774.485,486252.527,99.366,CONTOUR CP2
309,2781767.378,486253.497,99.038,ROAD
310,2781768.542,486252.591,99.115,ROAD
311,2781769.531,486251.987,99.203,ROAD
312,2781771.148,486250.934,99.299,ROAD
313,2781772.552,486250.270,99.348,ROAD
314,2781766.656,486254.101,98.972,ROAD
315,2781776.760,486254.877,99.343,ROAD
316,2781776.121,486255.922,99.230,ROAD
317,2781775.625,486256.667,99.151,ROAD
318,2781774.929,486257.655,99.029,ROAD
319,2781773.926,486258.951,98.849,ROAD
320,2781773.116,486259.720,98.746,ROAD
321,2781772.402,486260.790,98.644,ROAD
322,2781771.549,486262.206,98.573,ROAD
323,2781770.978,486263.152,98.547,ROAD
324,2781769.909,486264.929,98.494,ROAD
325,2781750.249,486254.555,97.319,DIRT SLOPE
326,2781747.834,486252.688,97.120,DIRT SLOPE
327,2781749.489,486250.948,97.288,DIRT SLOPE
329,2781766.657,486251.151,99.486,tree
330,2781764.808,486254.114,98.990,CONTOUR CP2
331,2781763.782,486254.979,98.898,CONTOUR CP2
332,2781763.677,486255.810,98.824,CONTOUR CP2
333,2781773.839,486249.898,99.423,CONTOUR CP2
334,2781774.220,486250.516,99.430,CONTOUR CP2
335,2781774.902,486251.349,99.428,CONTOUR CP2
336,2781775.496,486252.017,99.420,CONTOUR CP2
337,2781775.885,486252.445,99.414,CONTOUR CP2
338,2781776.408,486252.957,99.403,CONTOUR CP2
339,2781777.917,486252.420,99.498,CONTOUR CP2
340,2781777.483,486252.003,99.506,CONTOUR CP2
341,2781777.143,486251.572,99.511,CONTOUR CP2
342,2781765.157,486265.414,98.455,CONTOUR CP2
343,2781763.738,486268.725,98.465,CONTOUR CP2
344,2781762.189,486269.181,98.499,CONTOUR CP2
345,2781761.468,486268.897,98.525,CONTOUR CP2
346,2781760.623,486271.028,98.533,CONTOUR CP2
347,2781759.676,486273.300,98.553,CONTOUR CP2
348,2781757.911,486278.119,98.592,CONTOUR CP2
349,2781755.039,486285.569,98.674,CONTOUR CP2
350,2781752.918,486292.320,98.808,CONTOUR CP2
351,2781762.297,486267.164,98.511,CONTOUR CP2
352,2781764.442,486270.043,98.462,CONTOUR CP2
353,2781762.250,486274.165,98.485,CONTOUR CP2
CP4,2781819.569,486243.724,99.274,CP
354,2781784.720,486249.243,99.609,ROAD
355,2781785.071,486251.925,99.568,ROAD
356,2781785.892,486251.771,99.567,ROAD
357,2781786.826,486251.475,99.573,ROAD
358,2781787.885,486251.348,99.582,ROAD
359,2781789.140,486251.020,99.581,ROAD
360,2781790.525,486250.530,99.595,ROAD
361,2781792.370,486250.215,99.611,ROAD
362,2781793.069,486249.705,99.611,ROAD
363,2781795.253,486249.265,99.614,ROAD
364,2781797.736,486248.607,99.639,ROAD
365,2781796.337,486248.991,99.627,ROAD
366,2781797.772,486248.635,99.639,ROAD
367,2781799.978,486247.903,99.668,ROAD
368,2781802.928,486247.248,99.673,ROAD
369,2781805.517,486246.852,99.652,ROAD
370,2781808.650,486245.849,99.605,ROAD
371,2781808.275,486245.061,99.625,ROAD
372,2781806.235,486243.440,99.732,ROAD
373,2781806.029,486242.439,99.711,ROAD
374,2781805.919,486241.307,99.619,ROAD
375,2781803.268,486242.199,99.658,ROAD
376,2781802.914,486243.028,99.696,ROAD
377,2781803.430,486243.764,99.740,ROAD
378,2781804.727,486242.916,99.728,ROAD
379,2781803.514,486244.032,99.742,ROAD
380,2781805.119,486243.667,99.747,ROAD
381,2781803.555,486244.435,99.737,ROAD
382,2781803.862,486245.056,99.721,ROAD
383,2781804.343,486245.936,99.691,ROAD
384,2781804.805,486246.742,99.661,ROAD
385,2781802.280,486246.666,99.684,ROAD
386,2781802.190,486246.000,99.690,ROAD
387,2781801.948,486245.438,99.707,ROAD
388,2781801.783,486244.831,99.715,ROAD
389,2781801.815,486244.065,99.705,ROAD
390,2781801.488,486243.209,99.660,ROAD
391,2781801.615,486242.854,99.649,ROAD
392,2781801.430,486243.654,99.676,ROAD
393,2781801.210,486244.386,99.702,ROAD
394,2781801.449,486245.351,99.704,ROAD
395,2781801.750,486246.138,99.684,ROAD
396,2781801.749,486246.784,99.685,ROAD
397,2781801.204,486247.636,99.678,ROAD
398,2781800.221,486247.463,99.668,ROAD
399,2781800.212,486246.728,99.670,ROAD
400,2781800.143,486246.252,99.676,ROAD
401,2781799.996,486245.527,99.686,ROAD
402,2781799.904,486244.989,99.689,ROAD
403,2781799.912,486244.402,99.682,ROAD
404,2781799.726,486243.812,99.652,ROAD
405,2781799.886,486243.091,99.624,ROAD
406,2781797.871,486243.612,99.617,ROAD
407,2781797.834,486244.290,99.635,ROAD
408,2781797.853,486245.014,99.660,ROAD
409,2781797.930,486245.811,99.660,ROAD
410,2781798.194,486246.601,99.637,ROAD
411,2781798.979,486246.913,99.642,ROAD
412,2781798.146,486247.484,99.637,ROAD
413,2781797.995,486248.203,99.646,ROAD
414,2781796.597,486248.280,99.622,ROAD
415,2781796.556,486247.402,99.617,ROAD
416,2781797.374,486247.018,99.613,ROAD
417,2781797.268,486246.582,99.625,ROAD
418,2781796.626,486245.928,99.639,ROAD
419,2781796.611,486245.226,99.634,ROAD
420,2781796.646,486244.616,99.620,ROAD
421,2781796.759,486243.876,99.591,ROAD
422,2781795.377,486244.185,99.576,ROAD
423,2781795.243,486244.853,99.610,ROAD
424,2781795.206,486245.583,99.632,ROAD
425,2781795.542,486246.341,99.629,ROAD
426,2781795.697,486247.078,99.609,ROAD
427,2781796.156,486247.979,99.615,ROAD
428,2781795.964,486248.840,99.623,ROAD
429,2781795.011,486248.355,99.615,ROAD
430,2781795.173,486247.830,99.603,ROAD
431,2781794.900,486247.260,99.609,ROAD
432,2781794.764,486246.574,99.630,ROAD
433,2781795.414,486247.561,99.619,ROAD
434,2781794.770,486246.308,99.636,ROAD
435,2781794.591,486245.670,99.628,ROAD
436,2781794.515,486245.163,99.607,ROAD
437,2781794.193,486244.539,99.575,ROAD
438,2781792.985,486244.680,99.563,ROAD
439,2781792.855,486245.143,99.591,ROAD
440,2781793.100,486245.804,99.619,ROAD
441,2781792.988,486246.499,99.644,ROAD
442,2781793.001,486247.274,99.638,ROAD
443,2781793.092,486248.153,99.605,ROAD
444,2781793.068,486249.056,99.608,ROAD
445,2781792.444,486249.535,99.600,ROAD
446,2781791.822,486248.478,99.607,ROAD
447,2781791.650,486247.830,99.630,ROAD
448,2781792.514,486249.879,99.605,ROAD
449,2781793.176,486244.645,99.563,ROAD
450,2781791.908,486244.934,99.567,ROAD
451,2781790.631,486245.226,99.538,ROAD
452,2781789.091,486245.578,99.534,ROAD
453,2781787.714,486245.892,99.536,ROAD
454,2781786.500,486246.216,99.530,ROAD
455,2781782.530,486247.220,99.539,ROAD
456,2781781.615,486247.496,99.542,ROAD
457,2781781.138,486247.575,99.541,ROAD
458,2781784.078,486252.212,99.559,ROAD
459,2781786.130,486251.762,99.574,ROAD
460,2781788.570,486251.169,99.579,ROAD
461,2781789.802,486250.839,99.591,ROAD
462,2781792.341,486250.213,99.609,ROAD
463,2781778.199,486253.657,99.498,ROAD
464,2781779.869,486253.223,99.526,ROAD
465,2781781.222,486252.924,99.538,ROAD
466,2781783.950,486252.221,99.559,ROAD
467,2781785.308,486250.838,99.569,CONTOUR CP3
468,2781785.153,486250.045,99.582,CONTOUR CP3
469,2781786.419,486249.482,99.596,CONTOUR CP3
470,2781788.260,486248.333,99.614,CONTOUR CP3
471,2781789.288,486247.668,99.630,CONTOUR CP3
472,2781779.821,486249.845,99.590,CONTOUR CP3
473,2781778.447,486250.792,99.564,CONTOUR CP3
474,2781777.512,486251.436,99.532,CONTOUR CP3
475,2781777.986,486252.281,99.506,CONTOUR CP3
476,2781779.811,486250.694,99.578,CONTOUR CP3
477,2781779.439,486252.175,99.534,CONTOUR CP3
478,2781813.212,486245.307,99.989,PARK BOUND.
479,2781813.213,486245.307,99.988,PARK BOUND.
480,2781813.213,486245.307,99.988,PARK BOUND.
481,2781808.410,486246.483,99.972,PARK BOUND.
482,2781804.144,486247.528,99.959,PARK BOUND.
483,2781801.112,486248.257,99.907,PARK BOUND.
484,2781798.981,486248.776,99.922,PARK BOUND.
485,2781794.516,486249.863,99.934,PARK BOUND.
486,2781791.585,486250.587,99.946,PARK BOUND.
487,2781789.289,486251.134,99.938,PARK BOUND.
488,2781787.091,486251.696,99.946,PARK BOUND.
489,2781785.010,486252.169,99.940,PARK BOUND.
490,2781783.214,486252.576,99.931,PARK BOUND.
491,2781780.143,486253.301,99.957,PARK BOUND.
492,2781777.866,486253.871,99.963,PARK BOUND.
493,2781813.609,486246.160,99.975,PARK BOUND.
494,2781813.923,486246.839,99.975,PARK BOUND.
495,2781814.359,486247.765,99.974,PARK BOUND.
496,2781814.810,486248.710,99.972,PARK BOUND.
497,2781815.340,486249.829,99.950,PARK BOUND.
498,2781778.469,486254.791,99.901,PARK BOUND.
CP5,2781853.927,486221.105,97.073,CP
499,2781813.408,486245.299,99.994,BM
500,2781813.346,486245.340,99.998,BM
501,2781815.426,486247.191,99.451,PT
502,2781815.268,486246.785,99.456,PT
503,2781815.330,486246.516,99.456,PT
504,2781815.061,486245.661,99.470,PT
505,2781814.740,486245.557,99.495,PT
506,2781814.627,486245.196,99.497,PT
507,2781811.365,486262.802,99.995,PARK BOUND.
508,2781811.220,486263.139,100.000,PARK BOUND.
509,2781813.048,486258.663,99.985,PARK BOUND.
510,2781814.782,486254.688,100.011,PARK BOUND.
511,2781815.404,486252.954,99.980,PARK BOUND.
512,2781815.822,486251.690,99.994,PARK BOUND.
513,2781815.844,486250.657,100.004,PARK BOUND.
514,2781815.663,486250.023,99.999,PARK BOUND.
515,2781814.979,486248.798,99.998,PARK BOUND.
516,2781814.724,486248.125,99.995,PARK BOUND.
517,2781814.399,486247.365,99.988,PARK BOUND.
518,2781813.624,486245.855,99.989,PARK BOUND.
519,2781812.824,486245.485,99.998,PARK BOUND.
520,2781801.022,486242.666,99.626,PARK BOUND.
521,2781804.175,486241.868,99.654,PARK BOUND.
522,2781806.451,486241.096,99.601,PARK BOUND.
523,2781809.502,486240.152,99.593,PARK BOUND.
524,2781812.954,486238.940,99.488,PARK BOUND.
525,2781816.293,486237.924,99.357,PARK BOUND.
526,2781818.718,486237.370,99.240,PARK BOUND.
527,2781820.686,486236.849,99.125,PARK BOUND.
528,2781823.309,486235.880,98.977,PARK BOUND.
529,2781825.216,486235.420,98.881,PARK BOUND.
530,2781827.636,486234.552,98.753,PARK BOUND.
531,2781830.709,486233.740,98.603,PARK BOUND.
532,2781833.396,486232.924,98.521,PARK BOUND.
533,2781835.888,486232.061,98.442,PARK BOUND.
534,2781838.655,486230.498,98.363,PARK BOUND.
535,2781844.233,486227.618,98.147,PARK BOUND.
536,2781843.681,486232.860,98.320,ROAD
537,2781839.905,486234.414,98.423,ROAD
538,2781836.611,486235.881,98.496,ROAD
539,2781836.936,486236.832,98.492,ROAD
540,2781837.016,486237.872,98.527,ROAD
541,2781836.975,486238.666,98.564,ROAD
542,2781812.422,486245.380,99.565,ROAD
543,2781811.305,486245.629,99.576,ROAD
544,2781805.827,486246.959,99.638,ROAD
545,2781811.253,486245.649,99.576,ROAD
546,2781813.574,486245.148,99.556,ROAD
547,2781814.804,486244.459,99.495,PT
548,2781817.014,486243.893,99.372,PT
549,2781820.842,486241.887,99.188,PT
550,2781822.921,486241.221,99.081,PT
551,2781822.763,486242.828,99.100,PT
552,2781822.666,486243.479,99.120,PT
553,2781822.511,486244.272,99.182,PT
554,2781822.466,486244.411,99.190,PT
555,2781822.487,486244.480,99.312,PT
556,2781822.325,486245.316,99.310,PT
557,2781822.140,486246.724,99.309,PT
558,2781821.844,486248.803,99.324,PT
559,2781821.509,486250.566,99.339,PT
560,2781821.272,486252.197,99.350,PT
561,2781820.907,486253.123,99.349,PT
562,2781820.526,486254.379,99.344,PT
563,2781820.054,486255.421,99.344,PT
564,2781819.536,486256.710,99.344,PT
565,2781819.634,486255.060,99.353,PT
566,2781818.889,486254.557,99.373,PT
567,2781818.055,486254.276,99.398,PT
568,2781817.211,486253.976,99.417,PT
569,2781816.278,486253.612,99.430,PT
570,2781815.483,486253.250,99.437,PT
571,2781815.857,486251.732,99.480,PT
572,2781816.019,486250.827,99.446,PT
573,2781815.478,486249.548,99.449,PT
574,2781814.887,486248.171,99.465,PT
575,2781813.501,486245.256,99.557,PT
576,2781819.862,486253.350,99.374,CONTOUR.CP4
577,2781818.612,486252.515,99.418,CONTOUR.CP4
578,2781817.062,486252.030,99.444,CONTOUR.CP4
579,2781816.677,486250.550,99.412,CONTOUR.CP4
580,2781817.873,486250.593,99.396,CONTOUR.CP4
581,2781819.240,486250.901,99.375,CONTOUR.CP4
582,2781821.220,486251.058,99.336,CONTOUR.CP4
583,2781821.083,486249.490,99.312,CONTOUR.CP4
584,2781820.496,486249.602,99.314,CONTOUR.CP4
585,2781819.933,486249.284,99.323,CONTOUR.CP4
586,2781818.296,486248.762,99.345,CONTOUR.CP4
587,2781817.151,486248.329,99.354,CONTOUR.CP4
588,2781815.775,486248.017,99.426,CONTOUR.CP4
589,2781816.637,486246.785,99.377,CONTOUR.CP4
590,2781817.828,486247.189,99.335,CONTOUR.CP4
591,2781819.052,486247.352,99.301,CONTOUR.CP4
592,2781820.158,486247.753,99.291,CONTOUR.CP4
593,2781821.624,486247.803,99.260,CONTOUR.CP4
594,2781821.667,486246.833,99.243,CONTOUR.CP4
595,2781820.228,486246.504,99.281,CONTOUR.CP4
596,2781818.760,486246.295,99.313,CONTOUR.CP4
597,2781817.707,486245.951,99.335,CONTOUR.CP4
598,2781816.244,486246.253,99.398,CONTOUR.CP4
599,2781816.075,486245.338,99.409,CONTOUR.CP4
600,2781816.409,486244.205,99.408,CONTOUR.CP4
601,2781817.369,486244.021,99.349,CONTOUR.CP4
602,2781818.144,486244.310,99.324,CONTOUR.CP4
603,2781818.702,486245.156,99.305,CONTOUR.CP4
604,2781819.554,486245.425,99.286,CONTOUR.CP4
605,2781820.639,486245.652,99.252,CONTOUR.CP4
606,2781822.109,486245.709,99.216,CONTOUR.CP4
607,2781821.217,486245.005,99.216,CONTOUR.CP4
608,2781820.226,486244.926,99.269,CONTOUR.CP4
609,2781819.050,486244.882,99.294,CONTOUR.CP4
610,2781818.166,486244.654,99.324,CONTOUR.CP4
611,2781817.052,486244.129,99.368,CONTOUR.CP4
612,2781816.990,486243.380,99.382,CONTOUR.CP4
613,2781815.539,486242.405,99.481,CONTOUR.CP4
614,2781816.255,486242.999,99.440,CONTOUR.CP4
615,2781813.427,486244.827,99.558,CONTOUR.CP4
616,2781813.389,486243.893,99.553,CONTOUR.CP4
617,2781813.460,486243.004,99.562,CONTOUR.CP4
618,2781815.573,486242.516,99.483,CONTOUR.CP4
619,2781816.718,486241.947,99.432,CONTOUR.CP4
620,2781817.595,486241.527,99.375,CONTOUR.CP4
621,2781818.176,486241.479,99.332,CONTOUR.CP4
622,2781818.608,486242.185,99.306,CONTOUR.CP4
623,2781819.356,486241.877,99.270,CONTOUR.CP4
624,2781819.979,486241.129,99.224,CONTOUR.CP4
625,2781820.465,486241.648,99.211,CONTOUR.CP4
626,2781821.265,486241.294,99.169,CONTOUR.CP4
627,2781821.653,486241.772,99.151,CONTOUR.CP4
628,2781822.149,486242.447,99.137,CONTOUR.CP4
629,2781822.365,486243.311,99.143,CONTOUR.CP4
630,2781821.488,486243.441,99.189,CONTOUR.CP4
631,2781819.619,486243.717,100.727,CONTOUR.CP4
632,2781821.518,486244.213,99.204,CONTOUR.CP4
633,2781819.611,486243.744,100.735,CONTOUR.CP4
634,2781820.254,486244.744,99.259,CONTOUR.CP4
635,2781818.674,486244.517,99.298,CONTOUR.CP4
636,2781818.380,486243.635,99.303,CONTOUR.CP4
637,2781816.843,486242.004,99.427,CONTOUR.CP4
638,2781808.975,486243.613,99.659,CONTOUR.CP4
639,2781808.397,486242.329,99.691,CONTOUR.CP4
640,2781807.823,486241.331,99.656,CONTOUR.CP4
641,2781808.209,486240.834,99.622,CONTOUR.CP4
642,2781808.833,486241.874,99.688,CONTOUR.CP4
643,2781809.857,486243.118,99.653,CONTOUR.CP4
644,2781810.927,486243.171,99.613,CONTOUR.CP4
645,2781810.844,486242.088,99.663,CONTOUR.CP4
646,2781810.376,486240.946,99.648,CONTOUR.CP4
647,2781809.883,486239.593,99.537,CONTOUR.CP4
648,2781810.792,486239.289,99.520,CONTOUR.CP4
649,2781811.722,486240.794,99.627,CONTOUR.CP4
650,2781811.933,486241.713,99.642,CONTOUR.CP4
651,2781812.787,486242.632,99.592,CONTOUR.CP4
652,2781813.906,486242.204,99.572,CONTOUR.CP4
653,2781813.483,486241.243,99.595,CONTOUR.CP4
654,2781812.782,486240.248,99.588,CONTOUR.CP4
655,2781811.846,486238.824,99.496,CONTOUR.CP4
656,2781813.138,486238.626,99.474,CONTOUR.CP4
657,2781814.002,486240.018,99.550,CONTOUR.CP4
658,2781814.267,486241.021,99.561,CONTOUR.CP4
659,2781814.691,486242.089,99.532,CONTOUR.CP4
660,2781815.823,486242.035,99.474,CONTOUR.CP4
661,2781815.427,486241.226,99.521,CONTOUR.CP4
662,2781815.096,486240.235,99.526,CONTOUR.CP4
663,2781814.538,486238.807,99.469,CONTOUR.CP4
664,2781814.086,486237.684,99.454,CONTOUR.CP4
665,2781815.187,486237.837,99.392,CONTOUR.CP4
666,2781816.056,486239.734,99.471,CONTOUR.CP4
667,2781816.620,486241.011,99.464,CONTOUR.CP4
668,2781817.043,486241.760,99.413,CONTOUR.CP4
669,2781817.765,486241.312,99.366,CONTOUR.CP4
670,2781817.767,486241.314,99.367,CONTOUR.CP4
671,2781818.430,486240.853,99.329,CONTOUR.CP4
672,2781818.237,486239.757,99.359,CONTOUR.CP4
673,2781817.960,486238.782,99.348,CONTOUR.CP4
674,2781817.425,486237.141,99.368,CONTOUR.CP4
675,2781816.897,486235.669,99.408,CONTOUR.CP4
676,2781816.033,486235.784,99.404,CONTOUR.CP4
677,2781815.122,486236.291,99.473,CONTOUR.CP4
678,2781813.638,486236.779,99.523,CONTOUR.CP4
679,2781812.646,486237.230,99.526,CONTOUR.CP4
680,2781810.963,486237.560,99.525,CONTOUR.CP4
681,2781817.746,486237.686,99.302,CONTOUR.CP4
682,2781818.171,486239.096,99.349,CONTOUR.CP4
683,2781818.487,486240.447,99.345,CONTOUR.CP4
684,2781818.664,486241.140,99.291,CONTOUR.CP4
685,2781818.890,486241.787,99.294,CONTOUR.CP4
686,2781819.537,486241.490,99.254,CONTOUR.CP4
687,2781819.528,486240.441,99.270,CONTOUR.CP4
688,2781819.500,486238.929,99.261,CONTOUR.CP4
689,2781819.037,486236.136,99.194,CONTOUR.CP4
690,2781819.828,486236.329,99.224,CONTOUR.CP4
691,2781819.858,486238.013,99.205,CONTOUR.CP4
692,2781819.951,486239.612,99.243,CONTOUR.CP4
693,2781820.032,486240.764,99.226,CONTOUR.CP4
694,2781820.095,486241.521,99.232,CONTOUR.CP4
695,2781820.961,486240.660,99.179,CONTOUR.CP4
696,2781820.845,486239.696,99.193,CONTOUR.CP4
697,2781820.674,486238.353,99.175,CONTOUR.CP4
698,2781820.211,486236.636,99.132,CONTOUR.CP4
699,2781819.999,486235.198,99.182,CONTOUR.CP4
700,2781820.872,486237.427,99.146,CONTOUR.CP4
701,2781821.057,486238.384,99.158,CONTOUR.CP4
702,2781820.863,486239.766,99.191,CONTOUR.CP4
703,2781820.816,486240.486,99.187,CONTOUR.CP4
704,2781820.949,486241.280,99.184,CONTOUR.CP4
705,2781821.490,486241.346,99.161,CONTOUR.CP4
706,2781820.795,486241.797,99.193,CONTOUR.CP4
707,2781818.470,486241.918,99.312,CONTOUR.CP4
708,2781816.591,486242.432,99.432,CONTOUR.CP4
709,2781822.000,486229.993,100.363,KARYALAY
710,2781814.743,486222.907,100.320,KARYALAY
711,2781803.778,486212.126,100.308,KARYALAY
712,2781828.877,486222.688,100.544,KARYALAY
713,2781834.914,486228.752,100.560,KARYALAY
714,2781825.298,486234.106,99.396,CONTOUR CP4
715,2781825.484,486233.783,99.257,CONTOUR CP4
716,2781825.972,486233.205,99.053,CONTOUR CP4
717,2781826.436,486232.519,98.879,CONTOUR CP4
718,2781826.969,486231.911,98.659,CONTOUR CP4
719,2781827.521,486231.243,98.427,CONTOUR CP4
720,2781828.044,486230.654,98.195,CONTOUR CP4
721,2781828.606,486229.972,97.992,CONTOUR CP4
722,2781829.037,486229.596,97.815,CONTOUR CP4
723,2781829.512,486229.008,97.637,CONTOUR CP4
724,2781830.128,486228.457,97.417,CONTOUR CP4
725,2781830.526,486227.850,97.266,CONTOUR CP4
726,2781830.836,486227.507,97.144,CONTOUR CP4
727,2781831.560,486226.745,97.118,CONTOUR CP4
728,2781827.284,486236.134,99.428,CONTOUR CP4
729,2781828.120,486235.338,99.129,CONTOUR CP4
730,2781828.527,486235.031,98.999,CONTOUR CP4
731,2781829.408,486233.963,98.663,CONTOUR CP4
732,2781830.150,486233.275,98.384,CONTOUR CP4
733,2781830.881,486232.568,98.170,CONTOUR CP4
734,2781831.345,486232.013,97.986,CONTOUR CP4
735,2781831.846,486231.535,97.803,CONTOUR CP4
736,2781832.366,486231.009,97.587,CONTOUR CP4
737,2781832.962,486230.391,97.408,CONTOUR CP4
738,2781833.721,486229.627,97.250,CONTOUR CP4
739,2781834.184,486229.191,97.148,CONTOUR CP4
740,2781830.819,486225.586,97.085,CONTOUR CP4
741,2781829.471,486227.053,97.287,CONTOUR CP4
742,2781828.531,486228.078,97.635,CONTOUR CP4
743,2781827.515,486229.107,97.990,CONTOUR CP4
744,2781826.418,486230.241,98.375,CONTOUR CP4
745,2781825.158,486231.493,98.869,CONTOUR CP4
746,2781824.279,486232.517,99.215,CONTOUR CP4
747,2781823.560,486233.087,99.372,CONTOUR CP4
748,2781819.583,486253.258,100.539,RESIDENTIAL BOUNDARY
749,2781816.710,486252.842,100.435,RESIDENTIAL BOUNDARY
750,2781814.565,486253.111,100.447,RESIDENTIAL BOUNDARY
751,2781814.376,486253.181,99.785,RESIDENTIAL BOUNDARY
752,2781813.372,486253.563,99.860,RESIDENTIAL BOUNDARY
753,2781812.327,486253.959,99.842,RESIDENTIAL BOUNDARY
754,2781811.754,486254.178,99.803,RESIDENTIAL BOUNDARY
CP7,2781795.468,486194.986,95.697,RESIDENTIAL BOUNDARY
CP6,2781837.161,486190.817,95.777,RESIDENTIAL BOUNDARY
755,2781815.776,486192.339,95.516,Resi.area.Tree
756,2781816.738,486194.843,95.596,Resi.area.Tree
757,2781816.914,486197.939,95.628,Resi.area.Tree
758,2781816.518,486200.988,95.730,Resi.area.Tree
759,2781815.186,486203.877,95.820,Resi.area.Tree
760,2781813.303,486206.013,95.913,Resi.area.Tree
761,2781810.562,486207.726,95.972,Resi.area.Tree
762,2781807.804,486208.980,96.002,Resi.area.Tree
763,2781805.000,486209.482,96.036,Resi.area.Tree
764,2781801.842,486209.520,96.014,Resi.area.Tree
765,2781798.944,486209.411,95.982,Resi.area.Tree
766,2781795.921,486209.298,96.038,Resi.area.Tree
767,2781792.507,486209.151,96.036,Resi.area.Tree
768,2781789.607,486208.951,96.005,Resi.area.Tree
769,2781786.782,486208.350,95.950,Resi.area.Tree
770,2781784.075,486206.986,95.820,Resi.area.Tree
771,2781781.611,486205.124,95.817,Resi.area.Tree
772,2781780.903,486203.282,95.938,Resi.area.Tree
773,2781780.046,486202.386,95.643,Resi.area.Tree
774,2781780.119,486199.367,95.572,Resi.area.Tree
775,2781780.658,486196.442,95.540,Resi.area.Tree
776,2781781.826,486193.777,95.484,Resi.area.Tree
777,2781783.837,486191.189,95.458,Resi.area.Tree
778,2781786.318,486189.424,95.430,Resi.area.Tree
779,2781788.609,486187.753,95.415,Resi.area.Tree
780,2781791.489,486186.175,95.354,Resi.area.Tree
781,2781794.187,486184.712,95.323,Resi.area.Tree
782,2781797.045,486183.612,95.294,Resi.area.Tree
783,2781800.245,486183.291,95.308,Resi.area.Tree
784,2781803.076,486183.010,95.300,Resi.area.Tree
785,2781806.198,486183.849,95.334,Resi.area.Tree
786,2781808.596,486185.542,95.364,Resi.area.Tree
787,2781810.915,486187.620,95.454,Resi.area.Tree
788,2781813.158,486189.273,95.512,Resi.area.Tree
789,2781815.726,486192.522,95.540,Resi.area.Tree
790,2781825.156,486185.748,96.626,Resi.area
791,2781819.756,486179.933,96.544,Resi.area
792,2781825.060,486174.808,96.504,Resi.area
793,2781834.884,486166.212,96.489,Resi.area
794,2781840.202,486161.119,96.443,Resi.area
795,2781848.427,486154.852,96.325,Resi.area
796,2781850.898,486150.780,96.707,Resi.area.bound.white
797,2781848.690,486148.575,96.700,Resi.area.bound.white
798,2781847.207,486148.556,96.730,Resi.area.bound.white
799,2781843.985,486151.331,96.727,Resi.area.bound.white
800,2781838.165,486156.514,96.729,Resi.area.bound.white
801,2781829.101,486164.427,96.732,Resi.area.bound.white
802,2781813.428,486178.480,96.754,Resi.area.bound.white
803,2781813.399,486179.351,96.758,Resi.area.bound.white
804,2781821.503,486188.167,96.784,Resi.area.bound.white
805,2781822.278,486188.184,96.768,Resi.area.bound.white
806,2781823.515,486187.256,96.784,Resi.area.bound.white
807,2781825.436,486189.077,96.766,Resi.area.bound.white
808,2781824.238,486190.146,96.765,Resi.area.bound.white
809,2781824.189,486190.972,96.772,Resi.area.bound.white
810,2781825.240,486192.070,96.769,Resi.area.bound.white
811,2781825.946,486192.162,96.769,Resi.area.bound.white
812,2781827.885,486190.304,96.761,Resi.area.bound.white
813,2781833.042,486185.717,96.747,Resi.area.bound.white
814,2781836.290,486182.888,96.737,Resi.area.bound.white
815,2781811.638,486147.516,94.815,Resi.area
816,2781802.976,486154.553,94.902,Resi.area
817,2781798.748,486162.028,95.146,Resi.area
818,2781798.769,486162.062,95.150,Resi.area.2
819,2781789.074,486170.996,95.203,Resi.area.2
820,2781785.041,486164.647,95.002,Resi.area.2
821,2781788.216,486175.093,95.280,Resi.area.3
822,2781776.744,486184.123,95.324,Resi.area.3
823,2781776.395,486189.110,95.382,Resi.area.3
824,2781771.467,486181.299,95.176,Resi.area.3
825,2781772.576,486191.544,95.397,Resi.area.3
826,2781773.328,486192.861,95.373,Resi.area.3
827,2781765.076,486198.044,95.283,Resi.area.3
828,2781765.375,486201.294,95.590,Resi.area.5
829,2781767.795,486205.169,95.760,Resi.area.5
830,2781769.185,486204.367,95.735,Resi.area.5
831,2781774.391,486212.742,95.838,Resi.area.5
832,2781775.486,486213.935,95.938,Resi.area.6
833,2781779.487,486216.353,96.023,Resi.area.6
834,2781781.242,486213.813,96.020,Resi.area.6
835,2781789.555,486220.268,96.386,Resi.area.6
836,2781792.120,486220.206,96.572,Resi.area.7
837,2781794.921,486218.896,96.360,Resi.area.7
838,2781794.716,486215.933,96.273,Resi.area.7
839,2781807.056,486214.900,96.319,Resi.area.7
840,2781809.602,486218.861,96.504,Resi.area.8
841,2781814.123,486218.115,96.543,Resi.area.8
842,2781813.364,486214.093,96.286,Resi.area.8
843,2781823.724,486215.010,96.464,Resi.area.8
844,2781824.325,486211.422,96.568,Resi.area.9
845,2781836.109,486198.201,96.264,Resi.area.9
846,2781812.872,486179.177,95.454,CP7 BOUNDARY
847,2781810.375,486176.642,95.322,CP7 BOUNDARY
848,2781807.903,486173.988,95.207,CP7 BOUNDARY
849,2781806.585,486172.701,95.191,CP7 BOUNDARY
850,2781806.881,486168.890,95.274,CP7 BOUNDARY
851,2781809.612,486166.189,95.186,CP7 BOUNDARY
852,2781814.024,486161.792,95.048,CP7 BOUNDARY
853,2781815.873,486159.830,94.994,CP7 BOUNDARY
854,2781816.703,486187.151,95.685,CP7 CONTOUR
855,2781815.698,486186.112,95.642,CP7 CONTOUR
856,2781813.531,486184.181,95.563,CP7 CONTOUR
857,2781811.206,486181.674,95.474,CP7 CONTOUR
858,2781808.488,486178.817,95.365,CP7 CONTOUR
859,2781805.859,486176.326,95.281,CP7 CONTOUR
860,2781802.803,486172.893,95.175,CP7 CONTOUR
861,2781800.556,486170.640,95.149,CP7 CONTOUR
862,2781801.943,486168.851,95.099,CP7 CONTOUR
863,2781804.366,486166.485,95.043,CP7 CONTOUR
864,2781806.752,486163.186,94.931,CP7 CONTOUR
865,2781808.622,486159.209,94.871,CP7 CONTOUR
866,2781812.749,486157.845,94.771,CP7 CONTOUR
867,2781813.106,486160.048,95.330,CP7 CONTOUR
868,2781809.009,486154.205,94.834,CP7 CONTOUR
869,2781803.380,486159.040,94.912,CP7 CONTOUR
870,2781797.318,486168.728,95.160,CP7 CONTOUR
871,2781797.323,486171.963,95.202,CP7 CONTOUR
872,2781795.629,486174.236,95.224,CP7 CONTOUR
873,2781791.557,486172.526,95.211,CP7 CONTOUR
874,2781792.882,486175.746,95.265,CP7 CONTOUR
875,2781793.272,486179.141,95.321,CP7 CONTOUR
876,2781796.513,486178.245,95.318,CP7 CONTOUR
877,2781795.573,486181.584,95.366,CP7 CONTOUR
878,2781791.926,486182.473,95.374,CP7 CONTOUR
879,2781790.515,486180.717,95.355,CP7 CONTOUR
880,2781792.887,486178.620,95.315,CP7 CONTOUR
881,2781787.734,486182.827,95.375,CP7 CONTOUR
882,2781785.286,486184.634,95.396,CP7 CONTOUR
883,2781783.679,486183.058,95.351,CP7 CONTOUR
884,2781787.009,486180.316,95.309,CP7 CONTOUR
885,2781782.335,486184.723,95.374,CP7 CONTOUR
886,2781783.939,486186.020,95.400,CP7 CONTOUR
887,2781785.632,486187.356,95.452,CP7 CONTOUR
888,2781783.585,486189.275,95.473,CP7 CONTOUR
889,2781781.636,486187.822,95.419,CP7 CONTOUR
890,2781778.868,486185.807,95.330,CP7 CONTOUR
891,2781778.823,486187.277,95.360,CP7 CONTOUR
892,2781777.373,486186.537,95.349,CP7 CONTOUR
893,2781776.098,486184.823,95.326,CP7 CONTOUR
894,2781774.941,486183.191,95.269,CP7 CONTOUR
895,2781772.602,486181.655,95.206,CP7 CONTOUR
896,2781776.434,486186.479,95.355,CP7 CONTOUR
897,2781778.812,486188.189,95.406,CP7 CONTOUR
898,2781780.713,486189.669,95.445,CP7 CONTOUR
899,2781782.198,486191.023,95.493,CP7 CONTOUR
900,2781779.727,486190.445,95.437,CP7 CONTOUR
901,2781777.623,486192.543,95.433,CP7 CONTOUR
902,2781776.392,486190.324,95.412,CP7 CONTOUR
903,2781778.275,486188.320,95.392,CP7 CONTOUR
904,2781774.244,486192.102,95.402,CP7 CONTOUR
905,2781775.930,486194.246,95.428,CP7 CONTOUR
906,2781778.062,486194.805,95.499,CP7 CONTOUR
907,2781772.508,486193.818,95.371,CP7 CONTOUR
908,2781774.941,486194.923,95.413,CP7 CONTOUR
909,2781771.861,486197.392,95.396,CP7 CONTOUR
910,2781769.325,486195.678,95.200,CP7 CONTOUR
911,2781775.107,486198.123,95.359,CP7 CONTOUR
912,2781777.453,486198.730,95.432,CP7 CONTOUR
913,2781777.002,486201.601,95.480,CP7 CONTOUR
914,2781773.949,486201.443,95.408,CP7 CONTOUR
915,2781770.408,486200.277,95.245,CP7 CONTOUR
916,2781769.255,486198.816,95.182,CP7 CONTOUR
917,2781766.817,486198.687,95.160,CP7 CONTOUR
918,2781766.350,486197.714,95.157,CP7 CONTOUR
919,2781765.351,486199.102,95.132,CP7 CONTOUR
920,2781766.822,486200.937,95.196,CP7 CONTOUR
921,2781769.580,486200.522,95.218,CP7 CONTOUR
922,2781768.271,486203.177,95.275,CP7 CONTOUR
923,2781771.277,486202.363,95.390,CP7 CONTOUR
924,2781773.140,486204.824,95.463,CP7 CONTOUR
925,2781775.158,486202.426,95.477,CP7 CONTOUR
926,2781778.244,486202.175,95.508,CP7 CONTOUR
927,2781778.032,486204.230,95.562,CP7 CONTOUR
928,2781773.923,486206.103,95.480,CP7 CONTOUR
929,2781775.235,486208.313,95.544,CP7 CONTOUR
930,2781777.534,486206.514,95.615,CP7 CONTOUR
931,2781779.463,486205.335,95.629,CP7 CONTOUR
932,2781781.064,486207.398,95.701,CP7 CONTOUR
933,2781778.791,486209.356,95.683,CP7 CONTOUR
934,2781777.034,486212.098,95.685,CP7 CONTOUR
935,2781774.750,486211.009,95.659,CP7 CONTOUR
936,2781777.862,486214.524,95.798,CP7 CONTOUR
937,2781779.538,486215.635,95.864,CP7 CONTOUR
938,2781781.008,486213.430,95.857,CP7 CONTOUR
939,2781783.626,486209.756,95.822,CP7 CONTOUR
940,2781786.633,486211.095,95.937,CP7 CONTOUR
941,2781785.352,486214.063,95.942,CP7 CONTOUR
942,2781784.869,486215.775,95.984,CP7 CONTOUR
943,2781782.731,486214.207,95.900,CP7 CONTOUR
944,2781783.855,486212.394,95.873,CP7 CONTOUR
945,2781786.986,486213.801,95.986,CP7 CONTOUR
946,2781788.399,486210.590,95.982,CP7 CONTOUR
947,2781786.168,486216.364,96.024,CP7 CONTOUR
948,2781788.034,486217.421,96.088,CP7 CONTOUR
949,2781789.797,486218.795,96.149,CP7 CONTOUR
950,2781790.311,486216.229,96.087,CP7 CONTOUR
951,2781788.640,486215.018,96.058,CP7 CONTOUR
952,2781789.853,486211.765,96.014,CP7 CONTOUR
953,2781792.814,486210.840,96.069,CP7 CONTOUR
954,2781792.554,486215.922,96.114,CP7 CONTOUR
955,2781793.147,486213.973,96.092,CP7 CONTOUR
956,2781795.163,486213.611,96.099,CP7 CONTOUR
957,2781795.094,486210.669,96.075,CP7 CONTOUR
958,2781796.710,486215.439,96.130,CP7 CONTOUR
959,2781797.309,486213.125,96.092,CP7 CONTOUR
960,2781798.222,486210.972,96.081,CP7 CONTOUR
961,2781798.981,486215.263,96.129,CP7 CONTOUR
962,2781800.414,486213.386,96.112,CP7 CONTOUR
963,2781801.343,486211.084,96.073,CP7 CONTOUR
964,2781802.748,486214.907,96.149,CP7 CONTOUR
965,2781804.143,486213.208,96.113,CP7 CONTOUR
966,2781804.669,486210.914,96.070,CP7 CONTOUR
967,2781805.544,486214.685,96.144,CP7 CONTOUR
968,2781807.203,486214.516,96.148,CP7 CONTOUR
969,2781809.435,486214.284,96.135,CP7 CONTOUR
970,2781806.948,486212.005,96.091,CP7 CONTOUR
971,2781807.548,486210.534,96.070,CP7 CONTOUR
972,2781809.561,486209.886,96.038,CP7 CONTOUR
973,2781810.968,486211.707,96.082,CP7 CONTOUR
974,2781812.246,486208.583,96.020,CP7 CONTOUR
975,2781816.065,486189.163,95.561,CP7 CONTOUR
976,2781818.486,486189.033,95.593,CP7 CONTOUR
977,2781821.627,486188.953,95.632,CP7 CONTOUR
978,2781816.169,486183.262,95.429,CP7 CONTOUR
979,2781823.909,486191.172,95.695,CP7 CONTOUR
980,2781820.676,486190.967,95.623,CP7 CONTOUR
981,2781817.533,486192.082,95.633,CP7 CONTOUR
982,2781818.217,486194.297,95.683,CP7 CONTOUR
983,2781822.009,486193.374,95.706,CP7 CONTOUR
984,2781825.176,486192.670,95.727,CP7 CONTOUR
CP12,2781934.375,486207.924,91.384,CP
CP11,2781919.125,486235.983,92.297,CP
985,2781929.630,486206.254,91.473,boundary
986,2781928.486,486205.782,91.489,boundary
987,2781926.238,486205.064,91.605,boundary
988,2781923.629,486204.058,91.635,boundary
989,2781923.546,486204.062,91.637,boundary
990,2781920.937,486203.027,91.707,boundary
991,2781919.235,486202.372,91.760,boundary
992,2781920.217,486200.262,91.759,boundary
993,2781922.133,486200.903,91.677,boundary
994,2781924.557,486192.798,91.469,boundary
995,2781927.432,486193.667,91.421,boundary
996,2781928.368,486191.832,91.154,boundary
997,2781929.530,486188.672,90.830,boundary
998,2781930.160,486186.849,90.694,boundary
999,2781930.861,486185.666,90.736,boundary
1000,2781933.154,486186.128,90.868,boundary
1001,2781935.252,486186.824,90.905,boundary
1002,2781936.777,486187.355,90.914,boundary
1003,2781939.499,486188.293,90.815,boundary
1004,2781943.713,486189.771,90.849,boundary
1005,2781945.748,486190.588,90.909,boundary
1006,2781944.307,486195.056,90.989,boundary
1007,2781942.433,486197.615,91.283,boundary
1008,2781941.202,486201.430,91.390,boundary
1009,2781940.314,486203.458,91.389,boundary
1010,2781939.920,486205.369,91.385,boundary
1011,2781939.056,486206.747,91.600,boundary
1012,2781937.329,486206.060,91.608,boundary
1013,2781936.280,486205.672,91.609,boundary
1014,2781929.835,486192.849,91.171,boundary
1015,2781934.069,486195.193,91.076,boundary
1016,2781939.251,486197.305,91.053,boundary
1017,2781937.875,486201.091,91.189,boundary
1018,2781933.377,486199.174,91.251,Countour.CP12
1019,2781929.716,486197.994,91.342,Countour.CP12
1020,2781924.620,486197.957,91.520,Countour.CP12
1021,2781928.699,486201.605,91.444,Countour.CP12
1022,2781933.024,486203.313,91.346,Countour.CP12
1023,2781938.100,486209.244,91.117,boundary
1024,2781940.417,486210.059,90.928,boundary
1025,2781943.421,486211.183,90.693,boundary
1026,2781946.076,486212.234,90.467,boundary
1027,2781948.402,486212.965,90.300,boundary
1028,2781950.596,486213.775,90.120,boundary
1029,2781953.002,486214.624,89.939,boundary
1030,2781953.490,486217.444,89.819,boundary
1031,2781952.279,486220.830,89.786,boundary
1032,2781950.962,486224.690,89.761,boundary
1033,2781948.860,486231.059,89.743,boundary
1034,2781946.812,486236.994,89.720,boundary
1035,2781944.984,486241.744,89.690,Gate
1036,2781947.470,486242.603,89.686,Gate
1037,2781948.780,486239.078,89.703,boundary
1038,2781951.766,486230.499,89.761,boundary
1039,2781954.260,486223.386,89.778,boundary
1040,2781956.165,486217.757,89.810,boundary
1041,2781957.136,486216.077,89.829,boundary
1042,2781962.124,486217.942,89.819,boundary
1043,2781950.589,486217.916,90.047,Garden.CP12
1044,2781946.860,486226.637,89.935,Garden.CP12
1045,2781943.064,486237.635,89.937,Garden.CP12
1046,2781939.325,486236.169,89.945,Garden.CP12
1047,2781939.107,486227.890,90.055,Garden.CP12
1048,2781938.929,486219.351,90.000,Garden.CP12
1049,2781951.352,486211.310,90.144,boundary
1050,2781945.282,486209.172,90.609,boundary
1051,2781938.818,486206.872,91.133,boundary
1052,2781929.688,486206.660,91.485,ROAD
1053,2781927.615,486212.358,91.535,ROAD
1054,2781923.237,486224.376,91.751,ROAD
1055,2781919.754,486234.152,92.189,ROAD
1056,2781924.926,486236.106,91.944,ROAD
1057,2781927.013,486230.339,91.821,ROAD
1058,2781929.769,486222.543,91.656,ROAD
1059,2781933.088,486212.947,91.517,ROAD
1060,2781927.245,486193.667,91.418,SLOPE
1061,2781928.162,486190.770,91.725,SLOPE
1062,2781924.891,486192.276,91.498,SLOPE
1063,2781926.419,486187.950,91.944,SLOPE
1064,2781922.503,486192.030,91.321,SLOPE 2
1065,2781919.569,486191.085,91.053,SLOPE 2
1066,2781915.002,486189.508,90.647,SLOPE 2
1067,2781910.377,486187.972,90.298,SLOPE 2
1068,2781908.462,486192.681,90.617,SLOPE 2
1069,2781910.485,486194.564,90.794,SLOPE 2
1070,2781914.769,486197.412,91.120,SLOPE 2
1071,2781921.952,486200.259,91.639,SLOPE 2
1072,2781820.737,486209.605,94.667,Contour.CP6
1073,2781819.728,486209.097,94.652,Contour.CP6
1074,2781818.530,486208.228,94.642,Contour.CP6
1075,2781817.553,486207.470,94.631,Contour.CP6
1076,2781815.994,486206.041,94.615,Contour.CP6
1077,2781824.009,486205.778,94.550,Contour.CP6
1078,2781823.049,486204.605,94.562,Contour.CP6
1079,2781821.501,486203.196,94.547,Contour.CP6
1080,2781819.059,486200.939,94.498,Contour.CP6
1081,2781827.110,486202.782,94.487,Contour.CP6
1082,2781824.809,486200.614,94.474,Contour.CP6
1083,2781822.934,486198.311,94.448,Contour.CP6
1084,2781820.156,486194.121,94.344,Contour.CP6
1085,2781830.340,486199.500,94.441,Contour.CP6
1086,2781828.549,486197.988,94.420,Contour.CP6
1087,2781827.022,486196.008,94.397,Contour.CP6
1088,2781826.020,486194.115,94.370,Contour.CP6
1089,2781826.784,486191.965,94.515,Contour.CP6
1090,2781827.055,486192.471,94.540,Contour.CP6
1091,2781827.789,486191.849,94.534,Contour.CP6
1092,2781827.409,486191.299,94.535,Contour.CP6
1093,2781833.818,486196.974,94.372,Contour.CP6
1094,2781830.052,486190.710,94.352,Contour.CP6
1095,2781831.373,486189.905,94.351,Contour.CP6
1096,2781833.561,486192.180,94.323,Contour.CP6
1097,2781835.359,486194.284,94.302,Contour.CP6
1098,2781838.844,486198.626,94.278,Contour.CP6
1099,2781840.663,486198.167,94.249,Contour.CP6
1100,2781842.541,486197.148,94.218,Contour.CP6
1101,2781844.170,486199.065,94.270,Contour.CP6
1102,2781843.121,486199.715,94.286,Contour.CP6
1103,2781841.633,486200.442,94.300,Contour.CP6
1104,2781845.213,486206.046,94.488,Contour.CP6
1105,2781847.413,486205.129,94.459,Contour.CP6
1106,2781848.849,486204.181,94.447,Contour.CP6
1107,2781853.407,486209.942,94.855,Contour.CP6
1108,2781851.458,486210.679,94.879,Contour.CP6
1109,2781849.106,486211.486,94.901,Contour.CP6
1110,2781855.419,486214.442,95.253,Contour.CP6
1111,2781853.472,486215.452,95.260,Contour.CP6
1112,2781851.331,486216.327,95.267,Contour.CP6
1113,2781839.212,486192.358,94.236,ROAD BOUNDARY
1114,2781839.933,486193.180,95.723,ROAD BOUNDARY
1115,2781841.533,486194.854,95.722,ROAD BOUNDARY
1116,2781842.774,486196.171,95.796,ROAD BOUNDARY
1117,2781844.312,486197.777,95.753,ROAD BOUNDARY
1118,2781846.494,486200.167,95.830,ROAD BOUNDARY
1119,2781848.985,486203.341,95.922,ROAD BOUNDARY
1120,2781848.006,486202.258,95.872,ROAD BOUNDARY
1121,2781851.901,486207.258,96.138,ROAD BOUNDARY
1122,2781853.401,486209.140,96.294,ROAD BOUNDARY
1123,2781854.344,486210.797,96.470,ROAD BOUNDARY
1124,2781855.531,486212.969,96.658,ROAD BOUNDARY
1125,2781857.242,486215.898,96.836,ROAD BOUNDARY
1126,2781849.067,486212.454,96.496,ROAD BOUNDARY
1127,2781848.053,486211.087,96.353,ROAD BOUNDARY
1128,2781847.167,486209.749,96.256,ROAD BOUNDARY
1129,2781846.363,486208.145,96.106,ROAD BOUNDARY
1130,2781845.706,486207.455,96.063,ROAD BOUNDARY
1131,2781844.461,486206.080,95.998,ROAD BOUNDARY
1132,2781843.517,486205.110,95.953,ROAD BOUNDARY
1133,2781842.827,486204.350,95.922,ROAD BOUNDARY
1134,2781841.784,486203.281,95.872,ROAD BOUNDARY
1135,2781840.582,486201.825,95.833,ROAD BOUNDARY
1136,2781837.404,486198.742,95.789,ROAD BOUNDARY
1137,2781836.292,486197.762,95.806,ROAD BOUNDARY
1138,2781835.365,486197.259,95.828,ROAD BOUNDARY
1139,2781834.260,486197.048,95.861,ROAD BOUNDARY
1140,2781833.485,486197.351,95.889,ROAD BOUNDARY
1141,2781832.141,486198.677,95.918,ROAD BOUNDARY
1142,2781830.660,486200.077,95.971,ROAD BOUNDARY
1143,2781829.443,486201.178,95.996,ROAD BOUNDARY
1144,2781827.692,486202.828,95.991,ROAD BOUNDARY
1145,2781826.276,486204.201,96.019,ROAD BOUNDARY
1146,2781824.486,486205.821,96.063,ROAD BOUNDARY
1147,2781822.764,486207.334,96.093,ROAD BOUNDARY
1148,2781836.528,486189.556,95.797,ROAD BOUNDARY
1149,2781836.067,486188.973,95.818,ROAD BOUNDARY
1150,2781835.183,486188.318,95.804,ROAD BOUNDARY
1151,2781834.630,486187.661,95.832,ROAD BOUNDARY
1152,2781833.648,486186.966,95.820,ROAD BOUNDARY
1153,2781832.168,486188.109,95.848,ROAD BOUNDARY
1154,2781831.306,486189.206,95.859,ROAD BOUNDARY
1155,2781830.026,486190.164,95.859,ROAD BOUNDARY
1156,2781828.579,486191.599,95.867,ROAD BOUNDARY
1157,2781827.159,486192.813,95.872,ROAD BOUNDARY
1158,2781828.268,486191.865,95.862,ROAD BOUNDARY
1159,2781838.202,486235.320,98.540,ROAD BOUNDARY
1160,2781844.501,486232.912,98.311,ROAD BOUNDARY
1161,2781850.646,486229.951,97.849,ROAD BOUNDARY
1162,2781855.449,486227.180,97.329,ROAD BOUNDARY
1163,2781859.757,486225.844,96.903,ROAD BOUNDARY
1164,2781864.147,486225.489,96.583,ROAD BOUNDARY
1165,2781868.708,486226.210,96.187,ROAD BOUNDARY
1166,2781879.879,486230.546,95.862,ROAD BOUNDARY
1167,2781882.485,486229.461,95.628,ROAD BOUNDARY
1168,2781883.644,486229.248,95.626,ROAD BOUNDARY
1169,2781887.449,486225.180,95.214,ROAD BOUNDARY
1170,2781882.525,486223.645,95.616,ROAD BOUNDARY
1171,2781877.166,486222.046,95.891,ROAD BOUNDARY
1172,2781871.832,486220.557,96.094,ROAD BOUNDARY
1173,2781867.320,486219.779,96.285,ROAD BOUNDARY
1174,2781864.772,486219.760,96.399,ROAD BOUNDARY
1175,2781863.222,486219.895,96.479,ROAD BOUNDARY
1176,2781861.652,486220.089,96.559,ROAD BOUNDARY
1177,2781859.688,486220.854,96.663,ROAD BOUNDARY
1178,2781857.988,486221.879,96.798,ROAD BOUNDARY
1179,2781856.514,486222.723,96.944,ROAD BOUNDARY
1180,2781854.530,486223.681,97.164,ROAD BOUNDARY
1181,2781853.002,486224.305,97.314,ROAD BOUNDARY
1182,2781850.415,486225.594,97.610,ROAD BOUNDARY
1183,2781848.781,486226.421,97.777,ROAD BOUNDARY
1184,2781847.290,486227.134,97.930,ROAD BOUNDARY
1185,2781845.583,486228.001,98.079,ROAD BOUNDARY
1186,2781843.533,486228.978,98.196,ROAD BOUNDARY
1187,2781841.015,486229.998,98.338,ROAD BOUNDARY
1188,2781837.596,486231.380,98.392,ROAD BOUNDARY
1189,2781848.367,486221.843,97.145,CONTOUR.CP5
1190,2781848.329,486221.332,97.107,CONTOUR.CP5
1191,2781848.239,486220.552,97.082,CONTOUR.CP5
1192,2781848.280,486219.791,97.060,CONTOUR.CP5
1193,2781849.106,486219.009,97.030,CONTOUR.CP5
1194,2781849.204,486217.757,96.995,CONTOUR.CP5
1195,2781848.665,486216.180,96.950,CONTOUR.CP5
1196,2781847.412,486214.128,96.966,CONTOUR.CP5
1197,2781846.253,486212.269,97.025,CONTOUR.CP5
1198,2781845.304,486211.460,97.085,CONTOUR.CP5
1199,2781844.922,486212.100,97.094,CONTOUR.CP5
1200,2781843.731,486212.025,97.115,CONTOUR.CP5
1201,2781842.526,486213.112,97.133,CONTOUR.CP5
1202,2781841.603,486214.118,97.134,CONTOUR.CP5
1203,2781840.653,486215.108,97.138,CONTOUR.CP5
1204,2781839.265,486216.394,97.146,CONTOUR.CP5
1205,2781839.074,486217.336,97.142,CONTOUR.CP5
1206,2781839.178,486218.192,97.128,CONTOUR.CP5
1207,2781838.807,486219.256,97.117,CONTOUR.CP5
1208,2781836.060,486219.574,97.161,CONTOUR.CP5
1209,2781837.233,486221.172,97.145,CONTOUR.CP5
1210,2781838.443,486222.163,97.154,CONTOUR.CP5
1211,2781838.672,486222.826,97.170,CONTOUR.CP5
1212,2781841.113,486222.360,97.157,CONTOUR.CP5
1213,2781840.994,486221.785,97.150,CONTOUR.CP5
1214,2781840.797,486220.892,97.129,CONTOUR.CP5
1215,2781838.558,486220.043,97.129,CONTOUR.CP5
1216,2781840.088,486219.564,97.117,CONTOUR.CP5
1217,2781840.648,486218.645,97.100,CONTOUR.CP5
1218,2781840.831,486217.728,97.097,CONTOUR.CP5
1219,2781842.145,486217.214,97.083,CONTOUR.CP5
1220,2781842.567,486216.055,97.080,CONTOUR.CP5
1221,2781843.411,486215.416,97.074,CONTOUR.CP5
1222,2781845.429,486215.076,97.047,CONTOUR.CP5
1223,2781847.023,486215.922,97.008,CONTOUR.CP5
1224,2781848.421,486217.409,97.013,CONTOUR.CP5
1225,2781846.177,486216.862,97.040,CONTOUR.CP5
1226,2781844.559,486217.456,97.057,CONTOUR.CP5
1227,2781844.257,486218.437,97.075,CONTOUR.CP5
1228,2781842.895,486218.765,97.084,CONTOUR.CP5
1229,2781845.414,486220.635,97.100,CONTOUR.CP5
1230,2781847.665,486220.773,97.076,CONTOUR.CP5
1231,2781846.478,486220.079,97.080,CONTOUR.CP5
1232,2781846.332,486219.507,97.079,CONTOUR.CP5
1233,2781847.057,486219.154,97.062,CONTOUR.CP5
1234,2781846.399,486217.960,97.062,CONTOUR.CP5
1235,2781847.676,486219.116,97.054,CONTOUR.CP5
1236,2781848.062,486220.275,97.074,CONTOUR.CP5
1237,2781845.859,486220.480,97.094,CONTOUR.CP5
1238,2781845.896,486221.439,97.105,CONTOUR.CP5
1239,2781849.894,486220.974,97.124,CONTOUR.CP5
1240,2781851.155,486221.161,97.140,CONTOUR.CP5
1241,2781851.359,486220.847,97.104,CONTOUR.CP5
1242,2781851.242,486220.088,97.036,CONTOUR.CP5
1243,2781850.189,486219.865,97.046,CONTOUR.CP5
1244,2781849.803,486219.138,97.022,CONTOUR.CP5
1245,2781850.962,486219.691,97.012,CONTOUR.CP5
1246,2781851.030,486218.785,96.927,CONTOUR.CP5
1247,2781850.140,486218.815,96.992,CONTOUR.CP5
1248,2781850.781,486218.204,96.899,CONTOUR.CP5
1249,2781849.926,486218.167,96.972,CONTOUR.CP5
1250,2781849.640,486217.527,96.961,CONTOUR.CP5
1251,2781850.202,486217.497,96.893,CONTOUR.CP5
1252,2781850.721,486217.294,96.828,CONTOUR.CP5
1253,2781850.030,486216.130,96.772,CONTOUR.CP5
1254,2781849.561,486216.420,96.867,CONTOUR.CP5
1255,2781848.902,486216.176,96.936,CONTOUR.CP5
1256,2781847.933,486215.049,96.938,CONTOUR.CP5
1257,2781848.010,486214.425,96.897,CONTOUR.CP5
1258,2781848.730,486214.460,96.789,CONTOUR.CP5
1259,2781848.990,486213.918,96.675,CONTOUR.CP5
1260,2781825.312,486185.702,96.644,Resi.area
1261,2781830.637,486180.732,96.645,Resi.area
1262,2781828.202,486174.100,96.556,Resi.area
1263,2781833.647,486180.033,96.623,Resi.area
1264,2781839.220,486175.021,96.617,Resi.area
1265,2781840.289,486172.280,96.614,Resi.area
1266,2781845.805,486167.234,96.603,Resi.area
1267,2781848.585,486166.317,96.594,Resi.area
1268,2781854.095,486161.252,96.611,Resi.area
1269,2781859.586,486159.691,96.717,Resi.area.bound.white
1270,2781859.909,486161.189,96.734,Resi.area.bound.white
1271,2781857.166,486163.884,96.734,Resi.area.bound.white
1272,2781853.339,486167.470,96.739,Resi.area.bound.white
1273,2781848.250,486172.000,96.730,Resi.area.bound.white
1274,2781842.884,486176.879,96.714,Resi.area.bound.white
1275,2781837.514,486181.754,96.748,Resi.area.bound.white
1276,2781833.117,486185.755,96.757,Resi.area.bound.white
1277,2781839.824,486188.621,95.070,Grassland.contour.CP6
1278,2781841.602,486187.565,94.635,Grassland.contour.CP6
1279,2781845.519,486183.886,94.392,Grassland.contour.CP6
1280,2781844.140,486182.550,94.891,Grassland.contour.CP6
1281,2781842.575,486181.181,94.898,Grassland.contour.CP6
1282,2781846.716,486177.215,94.742,Grassland.contour.CP6
1283,2781851.118,486182.017,94.225,Grassland.contour.CP6
1284,2781851.264,486189.878,94.314,Grassland.contour.CP6
1285,2781853.959,486197.127,94.318,Grassland.contour.CP6
1286,2781850.688,486198.925,94.375,Grassland.contour.CP6
1287,2781857.302,486204.261,94.213,Grassland.contour.CP6
1288,2781862.296,486208.265,94.141,Grassland.contour.CP6
1289,2781864.898,486202.760,94.123,Grassland.contour.CP6
1290,2781868.143,486194.881,93.999,Grassland.contour.CP6
1291,2781872.950,486190.473,94.002,Grassland.contour.CP6
1292,2781875.581,486186.689,93.888,Grassland.contour.CP6
1293,2781876.567,486182.764,93.848,Grassland.contour.CP6
1294,2781875.353,486176.131,93.720,Grassland.contour.CP6
1295,2781873.908,486172.483,93.856,Grassland.contour.CP6
1296,2781871.710,486169.433,93.839,Grassland.contour.CP6
1297,2781869.917,486165.276,93.892,Grassland.contour.CP6
1298,2781866.228,486163.719,94.016,Grassland.contour.CP6
1299,2781864.074,486172.476,94.078,Grassland.contour.CP6
1300,2781862.829,486178.267,94.080,Grassland.contour.CP6
1301,2781857.627,486184.879,94.163,Grassland.contour.CP6
1302,2781860.938,486191.175,94.078,Grassland.contour.CP6
1303,2781876.040,486189.224,93.611,Grassland.contour.CP6
1304,2781872.909,486194.939,93.637,Grassland.contour.CP6
1305,2781869.545,486200.873,93.734,Grassland.contour.CP6
1306,2781864.940,486209.704,93.832,Grassland.contour.CP6
1307,2781873.967,486212.838,93.714,Grassland.contour.CP6
1308,2781877.680,486204.892,93.585,Grassland.contour.CP6
1309,2781881.300,486198.267,93.472,Grassland.contour.CP6
1310,2781885.476,486190.304,93.656,Grassland.contour.CP6
1311,2781891.908,486193.876,93.370,Grassland.contour.CP6
1312,2781888.806,486201.917,93.307,Grassland.contour.CP6
1313,2781887.110,486207.244,93.352,Grassland.contour.CP6
1314,2781883.233,486217.249,93.379,Grassland.contour.CP6
1315,2781888.111,486218.112,93.460,Grassland.contour.CP6
1316,2781890.250,486212.945,93.490,Grassland.contour.CP6
1317,2781892.900,486206.455,93.333,Grassland.contour.CP6
1318,2781894.965,486200.823,93.265,Grassland.contour.CP6
1319,2781897.189,486194.747,93.246,Grassland.contour.CP6
1320,2781898.317,486195.890,92.815,Grassland.contour.CP6
1321,2781895.367,486203.264,92.800,Grassland.contour.CP6
1322,2781892.722,486210.197,92.935,Grassland.contour.CP6
1323,2781889.136,486219.835,93.090,Grassland.contour.CP6
1324,2781893.700,486222.271,93.085,Grassland.contour.CP6
1325,2781895.831,486216.510,92.922,Grassland.contour.CP6
1326,2781898.101,486210.670,92.820,Grassland.contour.CP6
1327,2781900.516,486204.474,92.705,Grassland.contour.CP6
1328,2781903.420,486197.315,92.666,Grassland.contour.CP6
1329,2781912.076,486209.946,92.440,Grassland.contour.CP6
1330,2781913.414,486206.371,92.371,Grassland.contour.CP6
1331,2781907.569,486221.123,92.567,Grassland.contour.CP6
1332,2781906.452,486226.758,92.584,Grassland.contour.CP6
1333,2781919.799,486232.335,92.358,Grassland.contour.CP6
1334,2781922.802,486223.580,92.315,Grassland.contour.CP6
1335,2781924.970,486217.567,92.203,Grassland.contour.CP6
1336,2781926.998,486212.107,92.161,Grassland.contour.CP6
CP8,2781868.818,486272.705,98.997,CP
IP2,2781907.817,486232.723,93.332,Resect
1337,2781875.153,486221.473,95.887,ROAD
1338,2781877.113,486222.019,95.831,ROAD
1339,2781878.939,486222.590,95.794,ROAD
1340,2781880.645,486223.090,95.697,ROAD
1341,2781882.366,486223.568,95.629,ROAD
1342,2781884.119,486224.143,95.453,ROAD
1343,2781885.920,486224.749,95.289,ROAD
1344,2781887.581,486225.239,95.094,ROAD
1345,2781889.243,486225.740,94.922,ROAD
1346,2781891.032,486226.374,94.689,ROAD
1347,2781892.651,486226.885,94.510,ROAD
1348,2781894.254,486227.455,94.374,ROAD
1349,2781895.537,486227.840,94.244,ROAD
1350,2781897.077,486228.418,94.144,ROAD
1351,2781899.063,486229.103,94.000,ROAD
1352,2781901.074,486229.871,93.837,ROAD
1353,2781902.774,486230.403,93.669,ROAD
1354,2781904.585,486230.982,93.552,ROAD
1355,2781878.143,486228.567,95.821,ROAD
1356,2781880.351,486228.736,95.731,ROAD
1357,2781882.796,486228.835,95.544,ROAD
1358,2781884.681,486229.337,95.290,ROAD
1359,2781886.942,486230.008,95.041,ROAD
1360,2781888.938,486230.651,94.807,ROAD
1361,2781891.451,486231.444,94.567,ROAD
1362,2781893.742,486232.169,94.430,ROAD
1363,2781895.861,486233.086,94.272,ROAD
1364,2781897.566,486234.286,94.121,ROAD
1365,2781898.348,486235.420,94.001,ROAD
1366,2781898.897,486236.810,93.981,ROAD
1367,2781899.007,486237.522,94.010,ROAD
1368,2781899.085,486238.845,94.067,ROAD
1369,2781898.898,486239.945,94.145,ROAD
1370,2781898.414,486240.706,94.204,ROAD
1371,2781897.443,486241.726,94.350,ROAD
1372,2781896.481,486242.668,94.478,ROAD
1373,2781895.289,486243.819,94.649,ROAD
1374,2781894.019,486245.068,94.835,ROAD
1375,2781886.873,486252.091,95.877,ROAD
1376,2781886.400,486252.340,95.949,ROAD
1377,2781889.502,486255.125,95.939,ROAD
1378,2781892.500,486252.061,95.458,ROAD
1379,2781895.647,486249.034,94.982,ROAD
1380,2781899.792,486245.022,94.414,ROAD
1381,2781901.865,486242.983,94.126,ROAD
1382,2781905.076,486239.882,93.665,ROAD
1383,2781906.481,486239.516,93.514,ROAD
1384,2781908.774,486238.910,93.273,ROAD
1385,2781910.088,486238.629,93.141,ROAD
1386,2781911.087,486238.882,93.051,ROAD
1387,2781917.172,486240.954,92.429,ROAD
1388,2781922.741,486242.788,91.883,ROAD
1389,2781928.990,486244.956,91.351,ROAD
1390,2781936.065,486247.294,90.588,ROAD
1391,2781941.824,486249.264,90.083,ROAD
1392,2781945.138,486250.486,89.773,ROAD
1393,2781946.684,486245.383,89.794,ROAD
1394,2781943.733,486244.224,90.021,ROAD
1395,2781938.739,486242.659,90.539,ROAD
1396,2781934.474,486241.157,91.031,ROAD
1397,2781930.250,486239.699,91.401,ROAD
1398,2781927.335,486238.685,91.568,ROAD
1399,2781924.461,486237.622,91.808,ROAD
1400,2781918.315,486235.508,92.370,ROAD
1401,2781913.950,486234.121,92.767,ROAD
1402,2781910.589,486232.916,93.076,ROAD
IP3,2781885.833,486257.577,96.499,IP
1403,2781886.201,486252.301,95.959,ROAD
1404,2781885.845,486252.196,95.985,ROAD
1405,2781885.531,486251.796,96.038,ROAD
1406,2781885.236,486249.499,96.014,ROAD
1407,2781885.049,486246.095,95.851,ROAD
1408,2781884.355,486241.957,95.774,ROAD
1409,2781883.163,486237.454,95.825,ROAD
1410,2781881.161,486232.897,95.858,ROAD
1411,2781880.865,486231.274,95.849,ROAD
1412,2781881.278,486230.228,95.781,ROAD
1413,2781881.908,486229.702,95.671,ROAD
1414,2781882.440,486229.400,95.599,ROAD
1415,2781875.679,486231.377,95.969,ROAD
1416,2781876.595,486232.603,95.973,ROAD
1417,2781877.614,486234.061,95.925,ROAD
1418,2781879.312,486237.540,95.861,ROAD
1419,2781880.383,486240.767,95.871,ROAD
1420,2781881.138,486244.300,95.912,ROAD
1421,2781881.637,486248.118,96.020,ROAD
1422,2781881.830,486250.845,96.166,ROAD
1423,2781881.817,486253.623,96.425,ROAD
1424,2781881.532,486255.462,96.683,ROAD
1425,2781881.080,486256.440,96.868,ROAD
CP9,2781888.475,486283.216,99.140,CP
1426,2781889.438,486255.064,95.949,ROAD
1427,2781887.130,486257.356,96.338,ROAD
1428,2781884.564,486259.798,96.827,ROAD
1429,2781882.246,486262.157,97.319,ROAD
1430,2781878.699,486265.629,97.980,ROAD
1431,2781877.290,486267.043,98.252,ROAD
1432,2781876.987,486270.049,98.671,ROAD
1433,2781872.812,486265.040,98.422,ROAD
1434,2781875.962,486261.920,97.815,ROAD
1435,2781878.819,486258.793,97.323,ROAD
1436,2781881.238,486256.304,96.841,ROAD
1437,2781881.889,486254.506,96.541,ROAD
1438,2781856.421,486269.925,99.007,TREE BOUNDARY
1439,2781857.827,486266.872,98.986,TREE BOUNDARY
1440,2781852.695,486264.703,98.993,TREE BOUNDARY
1441,2781850.930,486268.188,98.946,TREE BOUNDARY
1442,2781864.051,486265.797,99.124,TREE
1443,2781864.959,486263.693,98.939,HAWAN KUND
1444,2781865.174,486261.340,99.175,AARTI
1445,2781866.722,486259.396,98.926,GANESH JEE
1446,2781856.822,486259.984,99.034,GODOWN
1447,2781855.001,486248.684,99.804,TOWER
1448,2781875.834,486271.482,98.898,GATE
1449,2781863.043,486273.037,99.013,AAHAR VIHAR BOUNDARY
1450,2781865.649,486274.034,99.084,AAHAR VIHAR BOUNDARY
1451,2781872.516,486276.786,99.090,AAHAR VIHAR BOUNDARY
1452,2781874.446,486274.032,99.041,AAHAR VIHAR BOUNDARY
1453,2781879.015,486269.572,98.873,SLOPE.CANTEEN
1454,2781882.728,486266.796,98.315,SLOPE.CANTEEN
1455,2781885.971,486264.510,97.856,SLOPE.CANTEEN
1456,2781888.867,486262.397,97.413,SLOPE.CANTEEN
1457,2781896.430,486256.981,96.502,SLOPE.CANTEEN
1458,2781896.429,486256.755,96.494,SLOPE.CANTEEN
1459,2781894.902,486254.070,96.374,SLOPE.CANTEEN
1460,2781894.220,486252.600,96.032,SLOPE.CANTEEN
1461,2781893.635,486251.149,95.520,SLOPE.CANTEEN
1462,2781895.805,486251.521,95.832,SLOPE.CANTEEN
1463,2781896.788,486253.196,96.351,SLOPE.CANTEEN
1464,2781898.300,486255.942,96.467,SLOPE.CANTEEN
1465,2781899.158,486257.672,96.529,SLOPE.CANTEEN
1466,2781897.455,486258.706,96.563,SLOPE.CANTEEN
1467,2781894.664,486260.147,96.726,SLOPE.CANTEEN
1468,2781890.175,486263.474,97.388,SLOPE.CANTEEN
1469,2781883.660,486268.223,98.333,SLOPE.CANTEEN
1470,2781879.245,486271.508,98.947,SLOPE.CANTEEN
CP10,2781925.827,486279.714,98.456,CP
1471,2781878.673,486274.292,98.980,AAHAR VIHAR walk way
1472,2781882.798,486275.228,99.003,AAHAR VIHAR walk way
1473,2781889.195,486276.974,99.019,AAHAR VIHAR walk way
1474,2781893.013,486277.434,99.030,AAHAR VIHAR walk way
1475,2781892.149,486275.036,99.215,AAHAR VIHAR walk way
1476,2781890.584,486271.986,99.266,AAHAR VIHAR walk way
1477,2781889.508,486269.767,99.292,AAHAR VIHAR walk way
1478,2781892.165,486266.609,99.411,AAHAR VIHAR walk way
1479,2781888.841,486268.266,99.295,AAHAR VIHAR walk way
1480,2781882.441,486271.426,99.068,AAHAR VIHAR walk way
1481,2781879.664,486272.569,98.984,AAHAR VIHAR walk way
1482,2781896.513,486278.666,98.990,AAHAR VIHAR walk way
1483,2781902.775,486280.073,98.930,AAHAR VIHAR walk way
1484,2781908.160,486281.243,98.858,AAHAR VIHAR walk way
1485,2781913.039,486282.212,98.781,AAHAR VIHAR walk way
1486,2781915.917,486283.183,98.742,AAHAR VIHAR walk way
1487,2781923.153,486284.452,98.559,AAHAR VIHAR walk way
1488,2781930.836,486286.355,98.471,AAHAR VIHAR walk way
1489,2781934.730,486287.386,98.448,AAHAR VIHAR walk way
1490,2781937.037,486290.130,98.419,AAHAR VIHAR walk way
1491,2781903.387,486277.379,99.096,AAHAR VIHAR
1492,2781901.448,486274.440,99.109,AAHAR VIHAR
1493,2781898.266,486275.751,99.107,AAHAR VIHAR
1494,2781892.889,486265.127,99.498,AAHAR VIHAR
1495,2781880.886,486286.248,99.186,BUILDING2
1496,2781871.947,486282.612,99.240,BUILDING2
1497,2781861.878,486278.713,99.187,BUILDING2
1498,2781861.390,486278.601,99.174,BUILDING2
1499,2781879.008,486291.679,99.419,BUILDING2
1500,2781880.212,486292.264,99.377,BUILDING2
1501,2781877.839,486298.147,99.449,BUILDING2
1502,2781907.275,486291.521,98.620,BUILDING3
1503,2781904.214,486293.023,98.637,BUILDING3
1504,2781902.046,486294.039,98.477,BUILDING3
1505,2781893.539,486298.069,98.424,BUILDING3
1506,2781895.439,486297.466,98.552,BUILDING3
1507,2781896.898,486300.652,98.558,BUILDING3
1508,2781895.881,486301.108,98.558,BUILDING3
1509,2781896.243,486303.644,98.506,BUILDING3
1510,2781899.512,486310.659,98.492,BUILDING3
1511,2781892.519,486296.697,99.126,aaharvihar bricked
1512,2781888.327,486294.697,99.170,aaharvihar bricked
1513,2781891.099,486286.937,99.192,aaharvihar bricked
1514,2781895.106,486288.180,99.184,aaharvihar bricked
1515,2781894.637,486290.109,99.166,aaharvihar bricked
1516,2781894.139,486293.102,99.176,aaharvihar bricked
1517,2781894.822,486293.125,99.110,aaharvihar bricked
1518,2781896.367,486284.405,99.026,aaharvihar bricked
1519,2781898.428,486284.880,98.735,aaharvihar bricked
1520,2781900.215,486285.278,98.579,aaharvihar bricked
1521,2781901.898,486288.644,98.495,aaharvihar bricked
1522,2781903.846,486292.774,98.484,aaharvihar bricked
1523,2781901.651,486293.807,98.450,aaharvihar bricked
1524,2781899.173,486288.777,98.458,aaharvihar bricked
1525,2781895.292,486288.311,98.993,aaharvihar bricked
1526,2781875.335,486273.551,99.109,aaharvihar bricked
1527,2781877.830,486275.512,99.136,aaharvihar bricked
1528,2781875.814,486279.514,99.199,aaharvihar bricked
1529,2781880.124,486280.607,99.194,aaharvihar bricked
1530,2781895.032,486284.167,99.047,aaharvihar bricked
1531,2781895.231,486283.558,99.055,aaharvihar bricked
1532,2781896.355,486279.408,99.006,aaharvihar bricked
1533,2781897.369,486279.573,98.983,aaharvihar bricked
1534,2781896.207,486284.246,99.052,aaharvihar bricked
1535,2781894.719,486287.843,99.062,aaharvihar bricked
1536,2781884.001,486284.436,99.225,aaharvihar bricked
1537,2781881.279,486291.334,99.218,aaharvihar bricked
1538,2781879.244,486290.499,99.226,aaharvihar bricked
1539,2781880.880,486286.222,99.237,aaharvihar bricked
1540,2781861.311,486277.895,99.160,aaharvihar bricked
1541,2781863.022,486273.678,99.159,aaharvihar bricked
1542,2781864.913,486274.171,99.157,aaharvihar bricked
1543,2781872.621,486277.058,99.184,aaharvihar bricked
1544,2781888.185,486285.902,99.031,slope
1545,2781882.328,486301.366,97.458,slope
1546,2781880.318,486307.255,95.868,slope
1547,2781881.135,486311.061,95.186,slope
1548,2781882.627,486316.584,94.267,slope
1549,2781886.947,486315.734,94.416,slope
1550,2781887.112,486310.139,95.599,slope
1551,2781886.995,486306.952,96.309,slope
1552,2781885.076,486302.379,97.278,slope
1553,2781886.919,486297.617,98.284,slope
1554,2781890.975,486287.054,98.971,slope
1555,2781896.375,486284.187,99.190,aaharvihar bricked
1556,2781913.092,486288.009,99.182,aaharvihar bricked
1557,2781918.416,486293.251,99.162,aaharvihar bricked
1558,2781897.632,486278.049,98.990,AAHAR VIHAR walk
1559,2781900.254,486276.658,98.985,AAHAR VIHAR walk
1560,2781900.773,486277.639,98.984,AAHAR VIHAR walk
1561,2781899.678,486278.211,98.990,AAHAR VIHAR walk
1562,2781900.948,486276.339,99.127,aaharviharback
1563,2781901.714,486277.332,99.115,aaharviharback
1564,2781902.268,486278.360,99.109,aaharviharback
1565,2781909.447,486276.720,99.021,aaharviharback
1566,2781908.887,486280.265,99.056,aaharviharback
1567,2781912.965,486303.531,98.788,BUILDING3
1568,2781919.190,486293.433,98.797,BUILDING4
1569,2781927.687,486289.255,98.879,BUILDING4
1570,2781929.013,486291.759,98.650,BUILDING4
1571,2781931.487,486290.511,98.807,BUILDING4
1572,2781921.993,486276.339,98.407,Chaupati
1573,2781925.994,486274.926,98.406,Chaupati
1574,2781926.853,486270.847,98.367,Chaupati
1575,2781923.785,486268.095,98.337,Chaupati
1576,2781919.691,486269.364,98.374,Chaupati
1577,2781918.807,486273.536,98.377,Chaupati
1578,2781916.588,486278.951,98.729,AAHAR VIHAR walk
1579,2781917.081,486275.593,98.706,AAHAR VIHAR walk
1580,2781918.167,486270.692,98.505,AAHAR VIHAR walk
1581,2781936.373,486289.436,98.433,AAHAR VIHAR walk
1582,2781938.196,486292.485,98.435,AAHAR VIHAR walk
1583,2781937.273,486295.133,98.472,AAHAR VIHAR walk
1584,2781929.671,486269.198,97.870,AAHAR VIHAR BOUNDARY
1585,2781933.246,486273.076,97.761,AAHAR VIHAR BOUNDARY
1586,2781937.016,486277.144,97.746,AAHAR VIHAR BOUNDARY
1587,2781939.579,486279.871,97.667,AAHAR VIHAR BOUNDARY
1588,2781940.891,486287.406,97.688,AAHAR VIHAR BOUNDARY
1589,2781941.150,486292.707,97.966,Chaupati AAHAR VIHAR CONTOUR
1590,2781941.589,486291.600,97.855,Chaupati AAHAR VIHAR CONTOUR
1591,2781940.133,486290.180,97.840,Chaupati AAHAR VIHAR CONTOUR
1592,2781938.440,486289.191,97.975,Chaupati AAHAR VIHAR CONTOUR
1593,2781939.166,486288.059,97.862,Chaupati AAHAR VIHAR CONTOUR
1594,2781938.673,486286.303,97.905,Chaupati AAHAR VIHAR CONTOUR
1595,2781937.289,486286.460,98.012,Chaupati AAHAR VIHAR CONTOUR
1596,2781938.117,486281.897,97.755,Chaupati AAHAR VIHAR CONTOUR
1597,2781935.187,486281.666,97.996,Chaupati AAHAR VIHAR CONTOUR
1598,2781932.287,486283.977,98.242,Chaupati AAHAR VIHAR CONTOUR
1599,2781929.382,486283.222,98.363,Chaupati AAHAR VIHAR CONTOUR
1600,2781932.556,486281.035,98.123,Chaupati AAHAR VIHAR CONTOUR
1601,2781928.015,486277.110,98.276,Chaupati AAHAR VIHAR CONTOUR
1602,2781920.387,486279.832,98.541,Chaupati AAHAR VIHAR CONTOUR
IP4,2781856.849,486218.631,96.875,Resect
C0C,2781838.514,486232.727,98.421,RoadProfile
C0R2,2781839.307,486235.167,98.435,RoadProfile
C0R1,2781838.886,486233.774,98.437,RoadProfile
C0L1,2781838.253,486231.842,98.386,RoadProfile
C0L2,2781837.769,486230.589,98.373,RoadProfile
C2C,2781856.391,486223.750,97.030,RoadProfile
C2L1,2781855.852,486222.210,96.954,RoadProfile
C2L2,2781855.336,486221.006,96.961,RoadProfile
C2R1,2781856.825,486225.016,97.055,RoadProfile
C2R2,2781857.479,486226.504,97.033,RoadProfile
C4C,2781876.224,486224.450,95.831,RoadProfile
C4R2,2781875.834,486227.008,95.882,RoadProfile
C4R1,2781875.990,486225.598,95.853,RoadProfile
C4L1,2781876.337,486223.386,95.835,RoadProfile
C4L2,2781876.772,486221.978,95.831,RoadProfile
C6C,2781895.422,486230.328,94.324,RoadProfile
C6R2,2781894.663,486232.500,94.406,RoadProfile
C6R1,2781895.051,486231.415,94.366,RoadProfile
C6L1,2781895.645,486229.210,94.284,RoadProfile
C6L2,2781896.069,486228.100,94.214,RoadProfile
C8C,2781914.222,486237.107,92.750,RoadProfile
C8R2,2781913.388,486239.709,92.805,RoadProfile
C8R1,2781913.837,486238.302,92.763,RoadProfile
C8L1,2781914.563,486235.979,92.738,RoadProfile
C8L2,2781914.970,486234.566,92.704,RoadProfile
C10C,2781933.103,486243.329,91.091,RoadProfile
C10R2,2781932.226,486245.920,91.051,RoadProfile
C10R1,2781932.779,486244.338,91.041,RoadProfile
C10L2,2781933.800,486241.005,91.126,RoadProfile
C10L1,2781933.302,486242.313,91.117,RoadProfile
C12C,2781951.878,486249.882,89.397,RoadProfile
C12R2,2781951.204,486252.315,89.398,RoadProfile
C12R1,2781951.455,486250.945,89.383,RoadProfile
C12L1,2781952.251,486248.864,89.388,RoadProfile
C12L2,2781952.617,486247.348,89.394,RoadProfile
C14C,2781970.775,486256.338,88.213,RoadProfile
C14R1,2781970.287,486257.739,88.206,RoadProfile
C14R2,2781970.045,486258.741,88.199,RoadProfile
C14L1,2781971.177,486255.038,88.203,RoadProfile
C14L2,2781971.674,486253.926,88.184,RoadProfile
C16C,2781989.644,486262.655,87.733,RoadProfile
C16R2,2781988.825,486265.174,87.730,RoadProfile
C16R1,2781989.246,486263.912,87.731,RoadProfile
C16L1,2781990.049,486261.636,87.727,RoadProfile
C16L2,2781990.553,486260.226,87.693,RoadProfile
C18C,2782008.245,486269.985,87.873,RoadProfile
C18L1,2782008.704,486268.333,87.887,RoadProfile
IP6,2782023.200,486279.081,87.832,IP
C18L2,2782009.341,486266.497,87.864,RoadProfile
C18R1,2782007.530,486271.824,87.857,RoadProfile
C18R2,2782006.735,486273.266,87.851,RoadProfile
C20C,2782026.976,486277.148,87.809,RoadProfile
C20L1,2782027.665,486274.756,87.804,RoadProfile
C20L2,2782028.075,486273.247,87.796,RoadProfile
C20R1,2782026.519,486279.609,87.808,RoadProfile
C20R2,2782026.489,486281.122,87.788,RoadProfile
C22C,2782046.707,486273.690,87.533,RoadProfile
C22L1,2782045.914,486271.710,87.499,RoadProfile
C22L2,2782045.458,486270.491,87.500,RoadProfile
C22R1,2782047.123,486275.570,87.555,RoadProfile
C22R2,2782047.797,486276.982,87.550,RoadProfile
C24C,2782064.747,486264.976,87.750,RoadProfile
C24L1,2782063.830,486263.085,87.754,RoadProfile
C24R1,2782065.689,486266.967,87.736,RoadProfile
C24R2,2782066.790,486268.791,87.736,RoadProfile
C26C,2782082.980,486256.778,87.959,RoadProfile
IP7,2782098.054,486255.200,88.122,Resect
C24L2,2782063.066,486261.743,87.751,RoadProfile
C26L1,2782082.387,486255.032,87.955,RoadProfile
C26L2,2782081.952,486253.132,87.980,RoadProfile
C26R1,2782083.629,486259.156,87.933,RoadProfile
C26R2,2782084.049,486260.629,87.908,RoadProfile
C28C,2782102.802,486260.348,88.038,RoadProfile
C28L1,2782103.832,486258.526,88.078,RoadProfile
C28L2,2782104.764,486257.309,88.119,RoadProfile
C28R1,2782101.145,486262.116,88.014,RoadProfile
C28R2,2782099.975,486263.804,87.989,RoadProfile
C30C,2782115.686,486275.812,87.858,RoadProfile
C30L1,2782117.329,486274.551,87.848,RoadProfile
C30L2,2782118.397,486273.737,87.854,RoadProfile
C30R1,2782114.108,486276.883,87.849,RoadProfile
C30R2,2782112.862,486277.939,87.844,RoadProfile
C314C,2782124.725,486286.621,87.552,RoadProfile
C314L1,2782125.724,486285.071,87.510,RoadProfile
C314L2,2782126.738,486283.613,87.512,RoadProfile
C314R1,2782123.246,486288.305,87.560,RoadProfile
C314R2,2782122.026,486289.232,87.560,RoadProfile
