CP1,2781731.889,486352.124,99.607,CP
CP2,2781764.221,486257.46,98.699,CP
CP3,2781780.08,486247.607,99.515,CP
CP4,2781813.33,486238.85,99.479,CP
CP5,2781856.929,486221.919,96.866,CP
CP6,2781834.929,486188.967,95.853,CP
CP7,2781799.393,486190.391,95.652,CP
CP8,2781869.909,486273.349,99.006,CP
CP9,2781886.062,486284.723,99.159,CP
CP10,2781928.144,486282.676,98.485,CP
CP11,2781905.555,486236.429,93.557,CP
CP12,2781931.59,486206.324,91.443,CP
100,2781764.244,486257.392,98.694,CP
101,2781734.913,486370.759,100.262,BU
102,2781732.926,486374.916,100.221,BU
103,2781731.732,486377.46,100.338,BU
104,2781731.075,486378.857,100.334,BU
105,2781730.428,486380.321,100.315,BU
106,2781746.176,486375.417,100.229,BU
107,2781724.155,486382.678,100.428,BR
108,2781722.67,486389.491,101.043,BR
109,2781721.044,486383.32,100.458,BR
110,2781718.785,486379.241,100.233,BR
111,2781715.738,486379.003,100.107,BR
112,2781713.53,486379.363,100.141,BR
113,2781711.65,486379.339,100.124,LP
114,2781713.363,486378.916,100.098,R
115,2781716.622,486377.823,100.125,R
116,2781719.41,486375.982,100.223,R
117,2781721.582,486374.159,100.257,R
118,2781723.485,486371.707,100.308,R
119,2781725.02,486369.072,100.298,R
120,2781712.316,486375.221,100.019,R
121,2781715.537,486373.378,100.032,R
122,2781718.857,486371.31,100.13,R
123,2781722.476,486367.267,100.187,R
124,2781724.29,486363.189,100.089,R
125,2781724.327,486363.297,100.078,R
126,2781725.426,486360.268,99.946,R
127,2781726.511,486357.359,99.831,R
128,2781727.372,486354.982,99.751,R
129,2781728.582,486351.774,99.629,R
130,2781725.804,486367.902,100.272,R
131,2781727.178,486364.336,100.117,R
132,2781728.786,486360.14,99.906,R
133,2781730.019,486356.806,99.762,R
134,2781731.29,486353.328,99.675,R
135,2781723.149,486363.666,100.119,R
136,2781721.26,486363.043,99.774,R
137,2781720.036,486358.398,99.314,R
138,2781718.708,486353.642,99.319,R
139,2781715.048,486354.215,99.36,R
140,2781716.173,486358.343,99.327,R
141,2781718.293,486366.208,99.896,R
142,2781719.095,486369.068,100.082,R
143,2781699.651,486357.909,99.349,BU
144,2781706.473,486355.906,99.354,BU
145,2781712.796,486354.033,99.365,BU
146,2781724.865,486350.412,99.382,BU
147,2781722.851,486343.387,99.366,BU
148,2781721.2,486337.73,99.37,BU
149,2781725.103,486333.642,99.393,BU
150,2781724.345,486329.492,99.391,BU
151,2781732.328,486321.645,99.351,BU
152,2781731.522,486318.882,99.348,BU
153,2781732.435,486321.913,99.319,BR
154,2781734.111,486324.224,99.286,BR
155,2781737.855,486326.714,99.177,BR
156,2781721.446,486337.631,99.373,BR
157,2781728.452,486335.637,99.288,BR
158,2781733.423,486337.195,99.297,BR
159,2781732.827,486338.121,99.642,SW
160,2781731.822,486337.79,99.648,SW
161,2781732.123,486336.783,99.647,SW
162,2781733.135,486337.08,99.638,SW
163,2781737.3,486326.35,99.512,SW
164,2781736.295,486325.974,99.521,SW
165,2781736.721,486325.006,99.502,SW
166,2781737.681,486325.392,99.501,SW
167,2781735.387,486331.7,99.256,BR
168,2781733.902,486335.587,99.28,BR
169,2781713.452,486380.032,100.214,T
170,2781711.744,486379.516,100.128,LP
171,2781708.396,486372.084,99.606,T
172,2781706.511,486371.91,99.628,T
173,2781709.53,486371.253,99.504,T
174,2781708.403,486372.179,99.597,LP
175,2781712.684,486371.121,99.654,LP
176,2781717.032,486369.576,99.632,T
177,2781721.843,486362.832,99.679,T
178,2781722.804,486360.433,99.552,T
179,2781724.613,486355.426,99.54,T
180,2781725.74,486352.87,99.409,T
181,2781727.655,486340.602,99.297,T
182,2781729.97,486337.852,99.252,T
183,2781735.424,486324.715,99.249,T
184,2781739.234,486313.456,98.83,T
185,2781740.391,486314.614,98.804,LP
186,2781729.611,486342.871,99.325,LP
187,2781701.514,486359.119,98.817,BR
188,2781701.572,486357.846,98.938,BR
189,2781702.238,486361.016,98.857,BR
190,2781702.667,486365.888,99.132,BR
191,2781702.808,486368.288,99.328,BR
192,2781703.291,486371.798,99.633,BR
193,2781703.274,486375.175,100.009,BR
194,2781705.951,486378.294,100.084,BR
195,2781714.624,486376.964,100.082,C
196,2781718.423,486373.814,100.172,C
197,2781717.87,486372.198,100.088,C
198,2781718.679,486372.049,100.13,C
199,2781718.572,486370.873,100.068,C
200,2781719.97,486371.067,100.162,C
201,2781720.485,486371.394,100.202,C
202,2781721.568,486372.47,100.269,C
203,2781722.708,486372.524,100.311,C
204,2781722.989,486371.468,100.286,C
205,2781722.731,486370.59,100.279,C
206,2781721.677,486369.713,100.234,C
207,2781722.966,486368.326,100.262,C
208,2781724.227,486368.401,100.289,C
209,2781725.373,486367.879,100.281,C
210,2781724.863,486366.32,100.246,C
211,2781723.716,486365.849,100.191,C
212,2781725.774,486366.418,100.232,C
213,2781725.683,486364.083,100.141,C
214,2781724.447,486363.698,100.118,C
215,2781726.373,486363.62,100.111,C
216,2781725.814,486362.9,100.087,C
217,2781725.347,486361.726,100.032,C
218,2781726.613,486361.294,100.012,C
219,2781727.593,486361.053,99.98,C
220,2781726.96,486359.833,99.928,C
221,2781726.495,486358.873,99.885,C
222,2781727.572,486358.881,99.891,C
223,2781728.727,486358.405,99.854,C
224,2781728.472,486357.141,99.814,C
225,2781727.864,486355.9,99.783,C
226,2781727.522,486355.709,99.778,C
227,2781729.41,486356.264,99.775,C
228,2781730.22,486355.176,99.739,C
229,2781729.901,486353.947,99.725,C
230,2781728.684,486352.997,99.686,C
231,2781730.265,486352.398,99.682,C
232,2781729.83,486350.198,99.605,C
233,2781730.442,486348.053,99.544,C
234,2781731.861,486349.197,99.566,C
235,2781733.035,486347.282,99.505,C
236,2781732.12,486346.285,99.505,C
237,2781731.96,486345.054,99.454,C
238,2781734.021,486344.134,99.407,C
239,2781734.061,486343.296,99.395,C
240,2781733.484,486342.303,99.398,C
241,2781733.699,486339.517,99.343,C
242,2781735.422,486339.831,99.335,C
243,2781735.938,486336.604,99.324,C
244,2781735.91,486333.569,99.318,C
245,2781737.789,486332.415,99.316,C
246,2781738.46,486328.522,99.253,C
247,2781740.463,486326.64,99.189,C
248,2781741.052,486320.419,99.096,C
249,2781742.296,486321.018,99.095,C
250,2781727.519,486352.383,99.591,C
251,2781727.012,486352.093,99.379,C
252,2781725.859,486351.821,99.336,C
253,2781724.59,486351.545,99.132,C
254,2781723.429,486351.275,99.07,C
255,2781720.12,486365.698,99.96,C
256,2781719.146,486365.136,99.815,C
257,2781720.159,486363.88,99.763,C
258,2781719.967,486362.393,99.532,C
259,2781721.888,486364.195,100.056,C
260,2781718.569,486363.219,99.548,C
261,2781719.381,486361.507,99.421,C
262,2781719.529,486359.267,99.331,C
263,2781717.66,486359.754,99.344,C
264,2781717.025,486357.306,99.329,C
265,2781718.201,486355.831,99.309,C
266,2781716.633,486354.783,99.319,C
267,2781716.978,486352.875,99.374,C
268,2781719.338,486352.288,99.028,C
269,2781721.209,486351.97,99.058,C
270,2781723.602,486351.444,99.065,C
271,2781722.174,486354.031,99.046,C
272,2781720.873,486355.63,99.038,C
273,2781720.738,486358.104,99.071,C
274,2781722.781,486357.5,99.169,C
275,2781724.483,486356.88,99.519,C
276,2781725.916,486355.179,99.491,C
277,2781724.129,486358.288,99.505,C
278,2781723.312,486360.263,99.568,C
279,2781722.7,486362.15,99.589,C
280,2781720.995,486360.926,99.144,C
281,2781714.233,486367.226,99.668,C
282,2781715.946,486364.897,99.455,C
283,2781713.258,486365.034,99.27,C
284,2781712.917,486364.599,99.267,C
285,2781710.872,486364.487,99.126,C
286,2781713.021,486360.995,99.423,C
287,2781714.153,486358.565,99.172,C
288,2781712.914,486358.29,99.057,C
289,2781715.144,486356.692,99.333,C
290,2781720.621,486354.258,99.959,C
291,2781715.02,486354.141,99.372,C
292,2781712.412,486355.136,99.48,C
293,2781709.341,486356.313,99.202,C
294,2781710.663,486356.936,99.304,C
295,2781711.25,486357.301,99.409,C
296,2781709.249,486358.519,99.222,C
297,2781707.791,486359.916,99.296,C
298,2781710.326,486360.846,99.449,C
299,2781707.715,486366.289,99.2,C
300,2781708.708,486366.615,99.248,C
301,2781714.142,486364.746,99.641,C
302,2781712.209,486368.39,99.953,C
303,2781710.3,486373.074,99.839,C
304,2781713.282,486372.44,99.952,C
305,2781712.742,486372.95,100.01,C
306,2781710.354,486373.527,99.924,C
307,2781709.072,486370.99,99.955,C
308,2781709.916,486367.735,100.081,C
309,2781700.382,486371.704,99.671,C
310,2781700.121,486369.92,99.699,C
311,2781707.98,486361.549,99.685,C
312,2781708.986,486359.246,99.795,C
313,2781730.253,486364.329,100.71,C
314,2781727.019,486375.652,100.263,C
315,2781726.298,486375.384,100.267,C
316,2781725.455,486374.969,100.274,C
317,2781724.552,486374.886,100.268,C
318,2781722.409,486381.42,100.46,C
319,2781722.989,486382.352,100.444,C
320,2781722.765,486386.556,100.734,C
321,2781724.488,486380.53,101.215,C
322,2781730.222,486364.361,100.803,C
323,2781730.184,486364.642,100.599,C
324,2781729.489,486365.72,100.545,C
325,2781728.801,486365.903,100.53,C
326,2781726.455,486371.838,100.239,C
327,2781727.12,486368.11,100.144,C
328,2781728.109,486368.356,100.145,C
329,2781728.96,486369.069,100.112,C
330,2781727.101,486349.223,99.326,C
331,2781728.376,486348.302,99.41,C
332,2781727.297,486346.752,99.305,C
333,2781725.599,486348.809,99.249,C
334,2781726.258,486345.599,99.177,C
335,2781724.55,486344.729,99.216,C
336,2781724.18,486343.458,99.238,C
337,2781722.838,486341.584,99.305,C
338,2781724.028,486339.862,99.252,C
339,2781725.936,486339.156,99.254,C
340,2781727.584,486338.24,99.244,C
341,2781730.087,486340.643,99.314,C
342,2781731.795,486339.96,99.296,C
343,2781731.018,486337.785,99.225,C
344,2781730.14,486344.237,99.344,C
345,2781727.937,486343.421,99.2,C
346,2781728.114,486346.748,99.343,C
347,2781732.632,486355.095,99.583,T
348,2781738.749,486340.31,99.034,T
IP1,2781734.888,486331.377,99.257,IP
349,2781720.108,486337.799,99.444,BU
350,2781717.704,486338.551,99.42,BU
351,2781711.913,486340.397,99.338,BU
352,2781705.274,486342.233,98.42,BU
353,2781696.69,486344.839,98.221,BU
354,2781697.93,486343.047,98.12,BU
355,2781701.325,486342.071,98.117,BU
356,2781701.253,486340.685,99.095,BU
357,2781702.562,486342.101,99.095,C
358,2781703.431,486341.739,98.076,C
359,2781701.163,486340.459,98.096,BU
360,2781702.342,486341.1,97.998,C
361,2781703.076,486340.565,97.947,C
362,2781703.94,486339.939,97.938,C
363,2781705.009,486340.993,98.259,C
364,2781705.842,486340.884,98.725,C
365,2781704.679,486339.808,98.985,C
366,2781706.432,486339.097,99.022,C
367,2781707.661,486340.399,99.092,C
368,2781709.088,486338.805,99.283,C
369,2781712.123,486339.445,99.347,C
370,2781714.505,486337.958,99.4,C
371,2781718.463,486337.807,99.428,C
372,2781721.148,486335.886,99.384,C
373,2781725.403,486336.274,99.321,C
374,2781730.768,486334.607,99.272,C
375,2781730.613,486328.229,99.294,C
376,2781727.111,486328.299,99.364,BU
377,2781728.5,486326.041,99.355,BU
378,2781727.603,486323.258,99.378,BU
379,2781730.54,486315.624,99.323,BU
380,2781728.497,486308.87,99.279,BU
381,2781729.504,486310.106,98.562,C
382,2781731.626,486309.455,98.589,C
383,2781730.375,486307.287,98.495,C
384,2781728.103,486305.687,98.537,C
385,2781732.498,486303.903,98.395,C
386,2781734.911,486306.631,98.538,C
387,2781737.247,486309.226,98.583,C
388,2781738.154,486312.268,98.736,C
389,2781738.579,486316.404,98.936,C
390,2781738.571,486320.234,99.116,C
391,2781734.761,486305.062,98.457,C
392,2781739.589,486302.702,98.38,C
393,2781740.216,486306.365,98.45,C
394,2781742.634,486308.956,98.684,C
395,2781744.975,486304.337,98.5,C
396,2781745.814,486300.301,98.947,BR
397,2781738.022,486301.207,98.625,BR
398,2781727.971,486302.41,98.677,BR
399,2781749.916,486309.308,98.945,S
400,2781747.83,486314.19,98.946,S
401,2781745.82,486318.95,99.023,S
402,2781744.959,486322.175,99.002,S
403,2781743.008,486325.368,99.006,S
404,2781742.215,486328.14,99.031,S
405,2781742.647,486328.675,98.964,T
406,2781740.626,486332.88,99.069,S
407,2781738.91,486336.703,99.109,T
408,2781738.566,486340.377,99.073,T
409,2781736.292,486344.64,99.221,S
410,2781739.688,486330.858,99.221,R
411,2781739.296,486323.785,99.097,R
412,2781744.188,486311.099,99.009,R
413,2781747.368,486311.63,98.981,R
414,2781751.943,486300.55,98.879,R
415,2781753.076,486287.422,98.63,R
416,2781756.876,486274.197,98.482,R
417,2781760.527,486262.788,98.536,R
418,2781764.75,486255.908,98.763,R
419,2781769.301,486251.909,99.171,R
420,2781769.298,486251.906,99.17,R
421,2781773.632,486249.566,99.388,R
422,2781777.095,486248.193,99.481,R
423,2781778.147,486253.727,99.456,R
424,2781774.181,486258.561,98.86,R
425,2781764.671,486274.205,98.422,R
426,2781757.245,486287.346,98.624,R
427,2781743.035,486319.464,99.083,C
428,2781745.017,486310.522,99.052,C
429,2781748.16,486307.528,98.994,C
430,2781748.583,486301.891,98.933,C
431,2781751.818,486297.301,98.882,C
432,2781752.284,486291.819,98.78,C
433,2781755.934,486287.701,98.685,C
434,2781755.68,486280.9,98.609,C
435,2781759.038,486280.084,98.542,C
436,2781757.095,486275.393,98.54,C
437,2781761.196,486274.682,98.501,C
438,2781765.513,486271.374,98.415,C
439,2781762.308,486269.926,98.475,C
440,2781760.374,486265.964,98.517,C
441,2781762.632,486262.042,98.588,C
442,2781764.638,486259.254,98.643,C
443,2781764.778,486259.854,98.626,C
444,2781765.31,486272.202,98.418,C
445,2781763.757,486272.008,98.446,C
446,2781761.848,486271.638,98.468,C
447,2781759.51,486270.629,98.516,C
448,2781760.961,486266.574,98.524,C
449,2781762.345,486267.119,98.495,C
450,2781763.698,486267.595,98.44,C
451,2781764.357,486266.83,98.434,C
452,2781763.05,486266.53,98.477,C
453,2781761.242,486265.823,98.528,C
454,2781762.031,486263.624,98.551,C
455,2781763.13,486264.015,98.525,C
456,2781763.516,486264.11,98.514,C
457,2781764.39,486264.31,98.472,C
458,2781765.665,486264.278,98.441,C
459,2781766.243,486263.658,98.468,C
460,2781764.828,486263.986,98.458,C
461,2781762.654,486263.118,98.557,C
462,2781762.682,486261.011,98.609,C
463,2781764.122,486261.385,98.586,C
464,2781765.433,486261.282,98.551,C
465,2781765.799,486261.166,98.543,C
466,2781765.592,486260.68,98.569,C
467,2781764.706,486260.9,98.581,C
468,2781763.475,486260.801,98.606,C
469,2781763.819,486260.866,98.602,C
470,2781765.431,486263.701,98.444,C
471,2781764.279,486263.613,98.502,C
472,2781766.888,486263.078,98.483,C
473,2781765.218,486261.241,98.559,C
474,2781766.79,486260.431,98.552,C
475,2781769.816,486260.748,98.062,C
476,2781768.982,486257.802,98.219,C
477,2781767.998,486254.291,98.485,C
478,2781770.55,486252.44,98.666,C
479,2781772.832,486254.168,98.655,C
480,2781775.362,486255.37,98.703,C
481,2781776.713,486253.17,98.894,C
482,2781776.546,486250.859,98.994,C
483,2781776.728,486248.694,98.996,C
484,2781771.094,486248.865,98.806,C
485,2781769.437,486248.124,98.801,C
486,2781768.2,486250.16,98.812,C
487,2781765.835,486253.402,98.567,C
488,2781760.958,486256.965,98.062,C
489,2781759.554,486257.1,97.977,C
490,2781759.387,486256.008,97.856,C
491,2781760.478,486255.617,97.998,C
492,2781761.684,486254.751,98.155,C
493,2781761.083,486253.583,98.162,C
494,2781759.468,486253.225,97.941,C
495,2781758.262,486252.848,97.713,C
496,2781757.481,486252.545,97.595,C
497,2781757.719,486256.539,97.72,C
498,2781756.659,486256.487,97.589,C
499,2781756.461,486255.382,97.488,C
500,2781755.659,486253.882,97.39,C
501,2781755.262,486252.663,97.348,C
502,2781753.192,486253.225,97.113,C
503,2781752.992,486254.765,97.084,C
504,2781752.39,486255.99,97.023,C
505,2781751.307,486255.866,96.941,C
506,2781751.219,486254.008,96.927,C
507,2781750.319,486252.292,96.848,C
508,2781748.869,486253.194,96.701,C
509,2781747.882,486254.486,96.605,C
510,2781746.823,486255.21,96.517,C
511,2781745.525,486255.12,96.395,C
512,2781747.051,486252.008,96.6,C
513,2781748.27,486250.593,96.789,C
514,2781763.85,486252.867,98.923,LP
515,2781750.837,486285.271,98.241,LP
516,2781750.487,486286.159,98.447,T
517,2781756.223,486291.403,98.62,T
518,2781754.427,486297.618,98.696,T
519,2781756.564,486289.369,98.98,BR
520,2781757.496,486287.255,98.999,BR
521,2781763.965,486275.997,98.987,BR
522,2781771.416,486262.957,99.268,BR
523,2781777.516,486254.474,99.851,BR
524,2781759.687,486257.944,98.588,BR
525,2781746.086,486255.555,96.948,BR
526,2781747.346,486249.626,97.262,BR
527,2781765.754,486250.75,99.24,T
528,2781766.737,486251.308,99.336,T
529,2781773.209,486248.278,99.38,T
530,2781772.86,486246.462,99.866,BR
531,2781769.146,486247.474,99.813,BR
532,2781761.055,486249.482,99.787,BR
533,2781758.971,486261.549,98.225,SW
534,2781758.463,486262.575,98.223,SW
535,2781758.662,486261.18,98.176,T
536,2781756.369,486269.844,98.168,T
537,2781775.766,486245.848,99.86,BR
538,2781775.76,486245.849,99.86,BR
539,2781775.734,486245.808,99.862,BR
540,2781757.444,486206.178,95.924,BU
541,2781763.877,486216.608,95.922,BU
542,2781767.607,486214.642,95.962,BU
543,2781768.611,486216.274,95.936,BU
544,2781771.106,486223.279,96.382,BU
545,2781776.307,486226.82,96.377,BU
546,2781781.725,486229.783,96.813,BU
547,2781784.023,486226.389,96.808,BU
548,2781785.708,486227.299,96.782,BU
549,2781789.228,486221.701,96.634,BU
550,2781791.99,486220.336,96.804,BU
551,2781791.193,486224.46,97.565,SW
552,2781792.279,486224.442,97.599,SW
553,2781792.264,486225.556,97.564,SW
554,2781791.34,486225.706,97.59,SW
555,2781792.461,486229.119,97.106,BU
556,2781792.8,486229.5,96.977,BU
557,2781778.382,486253.151,99.486,C
558,2781777.619,486252.078,99.493,C
559,2781776.911,486251.102,99.502,C
560,2781775.603,486250.743,99.464,C
561,2781775.518,486252.459,99.376,C
562,2781775.996,486254.186,99.31,C
563,2781773.974,486252.135,99.354,C
564,2781772.919,486250.964,99.341,C
565,2781774.442,486249.518,99.447,C
566,2781775.897,486247.901,99.529,C
567,2781775.281,486246.776,99.613,C
568,2781777.293,486249.222,99.511,C
569,2781778.203,486250.332,99.555,C
570,2781779.187,486251.073,99.548,C
571,2781781.194,486252.315,99.53,C
572,2781782.482,486250.994,99.564,C
573,2781782.341,486249.709,99.597,C
574,2781781.467,486248.896,99.592,C
575,2781781.433,486247.904,99.552,C
576,2781783.932,486247.648,99.573,C
577,2781784.523,486246.278,99.516,C
578,2781783.645,486244.541,99.61,C
579,2781781.853,486244.568,99.598,C
580,2781781.628,486247.872,99.553,C
581,2781780.496,486248.455,99.552,C
582,2781786.7,486250.663,99.552,C
583,2781789.868,486250.311,99.573,C
584,2781788.933,486249.057,99.575,C
585,2781787.091,486246.873,99.56,C
586,2781791.684,486244.376,99.501,C
587,2781787.802,486244.319,99.525,C
588,2781784.952,486250.079,99.572,C
589,2781785.862,486248.479,99.61,C
590,2781784.057,486248.543,99.607,C
591,2781789.22,486249.939,99.566,C
592,2781791.482,486249.235,99.581,C
593,2781794.273,486248.903,99.588,C
594,2781792.51,486247.917,99.606,C
595,2781790.489,486246.348,99.598,C
596,2781795.688,486244.996,99.6,C
597,2781795.292,486246.002,99.62,C
598,2781795.603,486247.206,99.598,C
599,2781794.912,486248.524,99.595,C
600,2781797.569,486248.688,99.618,C
601,2781798.205,486247.296,99.612,C
602,2781797.214,486246.56,99.608,C
603,2781794.723,486245.567,99.609,C
604,2781797.092,486244.369,99.604,C
605,2781797.325,486242.956,99.558,C
606,2781777.751,486254.101,99.938,BR
607,2781785.744,486252.225,99.942,BR
608,2781798.829,486248.928,99.954,BR
609,2781785.437,486253.747,99.506,C
610,2781780.046,486254.742,99.465,C
611,2781783.242,486254.405,99.451,C
612,2781786.626,486255.551,99.451,C
613,2781788.125,486258.006,99.529,C
614,2781789.926,486258.795,99.608,T
615,2781792.106,486257.462,99.587,C
616,2781790.974,486254.681,99.539,C
617,2781791.43,486252.359,99.568,C
618,2781795.353,486253.452,99.592,C
619,2781795.099,486256.565,99.576,C
620,2781795.116,486259.28,99.61,C
621,2781792.436,486258.925,99.598,C
622,2781799.683,486257.119,99.577,C
623,2781799.17,486254.461,99.599,C
624,2781798.437,486251.942,99.617,C
625,2781801.386,486248.694,99.605,C
626,2781792.877,486243.121,99.433,T
627,2781778.877,486253.367,99.481,R
628,2781789.368,486251.126,99.559,R
629,2781796.751,486249.561,99.607,R
630,2781791.793,486251.336,99.59,S
631,2781794.299,486250.809,99.528,S
632,2781797.207,486250.217,99.57,S
633,2781803.035,486248.639,99.65,S
634,2781797.296,486244.026,99.558,R
635,2781786.823,486246.263,99.496,R
636,2781786.187,486244.633,99.506,S
637,2781773.882,486247.862,99.399,T
638,2781777.174,486248.145,99.471,R
639,2781772.398,486250.021,99.319,R
640,2781799.414,486253.222,99.615,C
641,2781801.529,486255.386,99.606,C
642,2781803.629,486256.702,99.585,C
643,2781802.333,486259.134,99.638,C
644,2781804.49,486259.149,99.625,C
645,2781806.148,486256.53,99.557,C
646,2781807.019,486252.723,99.527,C
647,2781804.35,486250.502,99.587,C
648,2781803.285,486248.665,99.654,C
649,2781806.67,486247.862,99.611,C
650,2781810.016,486248.699,99.477,C
651,2781812.421,486247.813,99.625,C
652,2781813.004,486246.047,99.655,C
653,2781813.639,486250.964,99.643,C
654,2781813.35,486253.584,99.648,C
655,2781810.815,486256.331,99.574,C
656,2781805.293,486259.995,99.612,C
657,2781808.585,486260.204,99.636,C
658,2781811.539,486260.486,99.296,C
659,2781809.385,486260.872,99.296,C
660,2781807.618,486261.871,99.252,C
661,2781802.876,486261.728,99.613,C
662,2781803.647,486260.495,99.638,T
663,2781802.717,486261.969,99.54,T
664,2781803.094,486248.162,99.666,S
665,2781814.799,486251.654,99.547,S
666,2781813.648,486248.797,99.527,S
667,2781812.935,486246.889,99.547,S
668,2781800.947,486248.529,99.964,BR
669,2781813.366,486245.319,99.985,BR
670,2781815.309,486253.213,99.974,BR
671,2781814.883,486248.815,99.99,BR
672,2781811.608,486262.141,99.98,BR
673,2781814.079,486245.402,99.517,PETROL
674,2781815.619,486247.105,99.416,PETROL
675,2781814.819,486245.179,99.478,PETROL
676,2781814.658,486247.375,99.454,PETROL
677,2781804.875,486238.236,99.904,BR
678,2781818.62,486234.25,99.834,BR
679,2781826.695,486227.225,98.958,BR
680,2781824.687,486233.296,98.684,T
681,2781808.907,486237.885,99.519,T
682,2781803.504,486239.621,99.613,T
683,2781798.84,486241.25,99.527,T
684,2781797.38,486241.751,99.492,T
685,2781789.986,486243.748,99.473,T
686,2781792.87,486243.067,99.441,T
687,2781801.774,486240.317,99.448,LP
688,2781803.652,486242,99.625,R
689,2781811.886,486239.498,99.53,R
690,2781824.206,486235.724,98.917,R
691,2781835.85,486231.951,98.417,R
692,2781836.886,486235.966,98.465,R
693,2781818.245,486241.177,99.308,R
694,2781802.591,486246.016,99.662,R
695,2781813.293,486245.022,99.553,R
696,2781810.684,486262.333,100.716,C
697,2781807.067,486270.127,100.683,BU
698,2781810.685,486262.332,100.716,BU
699,2781817.339,486265.195,100.729,BU
700,2781819.603,486263.964,100.459,BU
701,2781822.493,486257.104,100.39,BU
702,2781832.686,486261.348,100.369,BU
703,2781846.311,486266.841,100.359,BU
704,2781833.465,486261.611,100.362,BU
705,2781833.498,486264.232,100.471,BU
706,2781800.763,486247.388,99.662,C
707,2781800.516,486244.058,99.654,C
708,2781803.348,486241.735,99.622,C
709,2781805.891,486241.934,99.655,C
710,2781806.67,486243.446,99.704,C
711,2781804.73,486243.833,99.733,C
712,2781806.769,486245.653,99.627,C
713,2781809.056,486244.691,99.605,C
714,2781808.787,486242.733,99.68,C
715,2781809.253,486240.655,99.619,C
716,2781811.456,486239.177,99.5,C
717,2781812.474,486240.08,99.58,C
718,2781811.625,486242.66,99.612,C
719,2781815.352,486243.295,99.475,C
720,2781817.401,486242.193,99.37,C
721,2781815.895,486240.228,99.486,C
722,2781817.677,486238.417,99.333,C
723,2781818.953,486240.824,99.284,C
724,2781819.467,486242.798,99.264,C
725,2781821.944,486246.517,99.226,C
726,2781821.095,486247.522,99.255,C
727,2781817.958,486244.173,99.314,C
728,2781818.066,486239.333,99.35,C
729,2781820.695,486237.394,99.133,C
730,2781821.642,486239.703,99.141,C
731,2781824.59,486240.763,98.95,C
732,2781824.445,486238.276,98.98,C
733,2781823.798,486235.403,98.898,C
734,2781827.511,486235.57,98.783,C
735,2781827.715,486238.149,98.785,C
736,2781827.905,486240.105,98.796,C
737,2781829.424,486237.551,98.705,C
738,2781829.178,486235.096,98.705,C
739,2781832.266,486233.298,98.566,C
740,2781833.334,486235.783,98.582,C
741,2781836.117,486236.01,98.493,C
742,2781836.021,486232.161,98.43,C
743,2781837.399,486233.648,98.517,C
744,2781838.67,486235.062,98.45,C
745,2781838.022,486231.619,98.377,C
746,2781833.181,486240.527,98.645,C
747,2781832.3,486244.856,98.801,C
748,2781830.846,486249.187,98.872,C
749,2781829.692,486253.661,98.942,C
750,2781826.934,486252.029,98.925,C
751,2781826.577,486248.34,98.901,C
752,2781831.957,486257.512,98.914,C
753,2781826.361,486257.203,98.981,C
754,2781823.121,486255.808,99.024,C
755,2781822.34,486252.637,99.038,C
756,2781823.493,486247.489,98.976,C
757,2781823.187,486244.139,99.113,C
758,2781824.36,486244.357,98.981,C
759,2781823.362,486242.877,99.036,C
760,2781824.835,486242.424,98.915,C
761,2781823.454,486241.686,99.033,C
762,2781822.243,486241.125,99.106,C
763,2781821.424,486244.166,99.194,C
764,2781819.922,486243.833,99.257,C
765,2781818.593,486244.644,99.301,C
766,2781817.137,486245.629,99.337,C
767,2781816.06,486245.605,99.403,C
768,2781816.739,486247.806,99.358,C
769,2781816.999,486250.401,99.395,C
770,2781818.724,486250.996,99.378,C
771,2781819.867,486249.517,99.317,C
772,2781816.462,486249.224,99.392,C
773,2781816.877,486251.124,99.417,C
774,2781817.824,486254.103,99.408,C
775,2781818.877,486255.022,99.303,C
776,2781818.949,486256.648,98.944,C
777,2781817.879,486256.277,98.927,C
778,2781818.966,486257.422,98.755,C
779,2781815.362,486254.66,99.176,C
780,2781815.369,486257.589,98.391,C
781,2781815.088,486258.664,98.129,C
782,2781815.804,486259.841,97.881,C
783,2781816.602,486260.549,97.787,C
784,2781818.449,486258.729,98.393,C
785,2781816.285,486261.224,97.592,C
786,2781814.524,486260.972,97.507,C
787,2781813.01,486261.051,97.417,C
788,2781814.932,486262.394,97.236,C
789,2781819.165,486257.824,99.351,BR
790,2781821.398,486252.235,99.337,BR
791,2781822.55,486244.529,99.301,BR
792,2781837.87,486248.46,99.429,BR
793,2781838.88,486247.613,99.411,T
794,2781839.484,486237.491,99.373,BR
795,2781840.748,486238.383,99.294,T
796,2781841.553,486236.589,98.806,LP
797,2781854.302,486236.227,99.154,BR
798,2781841.967,486241.503,99.634,KUND
799,2781841.444,486243.825,99.641,KUND
800,2781843.615,486244.319,99.654,KUND
801,2781844.156,486242.091,99.626,KUND
802,2781846.209,486250.807,99.563,BR
803,2781850.886,486252.198,99.554,BR
804,2781849.873,486259.623,99.507,T
805,2781852.473,486254.857,99.544,T
806,2781853.535,486256.812,99.447,T
807,2781852.425,486258.721,99.427,T
808,2781857.375,486254.096,99.21,BU
809,2781855.236,486254.722,99.372,C
810,2781853.196,486253.489,99.429,C
811,2781850.927,486255.494,99.394,C
812,2781852.576,486257.873,99.421,C
813,2781849.327,486260.514,99.485,C
814,2781849.777,486252.61,99.154,C
815,2781845.923,486254.147,99.047,C
816,2781846.801,486258.303,99.013,C
817,2781851.964,486251.289,99.782,BU
818,2781849.756,486249.92,99.779,BU
819,2781848.977,486247.349,99.785,BU
820,2781853.015,486244.396,99.767,BU
821,2781804.93,486239.617,99.55,C
822,2781811.267,486237.037,99.44,C
823,2781815.798,486236.418,99.333,C
824,2781817.915,486234.872,99.216,C
825,2781823.26,486233.964,98.805,C
826,2781824.06,486231.381,98.427,C
827,2781826.954,486228.475,98.191,C
828,2781830.225,486231.607,98.422,C
829,2781805.007,486228.683,97.147,BU
830,2781804.789,486224.684,97.141,BU
831,2781806.776,486224.466,97.112,BU
832,2781806.336,486217.56,96.533,BU
833,2781808.974,486222.792,97.575,SW
834,2781809.226,486224.455,97.59,SW
835,2781809.948,486222.666,97.567,SW
836,2781810.154,486224.249,97.587,SW
837,2781811.012,486228.001,97.429,BU
838,2781815.861,486228.29,97.586,SW
839,2781817.003,486228.212,97.576,SW
840,2781816.819,486227.115,97.602,SW
841,2781815.785,486227.212,97.614,SW
842,2781823.143,486226.125,97.212,BU
843,2781815.985,486231.912,98.219,T
844,2781838.149,486235.771,98.749,BR
845,2781844.361,486233.304,98.579,BR
846,2781855.287,486227.568,97.441,BR
847,2781860.927,486225.61,97.097,BR
848,2781861.6,486225.876,96.864,LP
849,2781865.827,486225.088,96.633,BR
850,2781868.889,486225.438,96.449,BR
851,2781872.308,486226.86,96.351,BR
852,2781875.372,486229.161,96.353,BR
853,2781878.753,486233.174,96.339,BR
854,2781880.766,486236.557,96.316,BR
855,2781881.775,486239.738,96.314,BR
856,2781884.189,486250.643,96.693,BR
857,2781886.52,486241.803,96.051,BR
858,2781885.226,486236.928,96.002,BR
859,2781882.175,486231.045,96.061,BR
860,2781882.415,486227.94,95.914,BR
861,2781880.785,486246.552,96.541,T
862,2781880.031,486240.757,96.278,T
863,2781878.668,486236.05,96.24,T
864,2781875.704,486231.097,96.319,T
865,2781856.428,486229.915,97.861,T
866,2781843.887,486227.141,97.875,T
867,2781840.664,486228,97.76,T
868,2781855.196,486213.207,96.647,T
869,2781863.249,486218.474,96.488,T
870,2781868.532,486218.067,96.244,T
871,2781853.009,486209.843,96.719,BR
872,2781856.149,486214.752,97.143,BR
873,2781860.209,486218.775,97.19,BR
874,2781861.253,486219.585,96.813,BR
875,2781866.234,486218.901,96.58,BR
876,2781872.589,486219.286,96.366,BR
877,2781878.488,486220.691,96.075,BR
878,2781850.632,486223.941,97.791,BR
879,2781838.622,486230.809,98.2,BR
880,2781842.603,486228.926,98.581,BR
881,2781834.969,486221.395,97.75,BR
882,2781835.741,486220.697,97.153,BU
883,2781843.399,486212.368,97.1,BU
884,2781841.45,486210.468,96.987,BU
885,2781843.794,486207.919,96.921,BU
886,2781843.771,486209.834,96.833,S
887,2781847.043,486213.237,96.863,S
888,2781835.399,486224.258,97.529,S
889,2781833.34,486226.094,97.588,S
890,2781832.337,486231.734,98.294,C
891,2781834.795,486230.578,98.056,C
892,2781836.176,486229.674,97.856,C
893,2781838.311,486229.192,97.722,C
894,2781832.007,486228.461,97.913,C
895,2781833.563,486227.541,97.583,C
896,2781830.594,486226.614,97.816,C
897,2781833.573,486225.034,97.64,C
898,2781835.112,486222.946,97.534,C
899,2781839.005,486225.684,97.532,C
900,2781843.27,486237.76,98.851,C
901,2781843.362,486236.279,98.724,C
902,2781845.33,486236.2,98.693,C
903,2781847.3,486234.64,98.516,C
904,2781848.141,486236.763,98.867,C
905,2781848.993,486234.491,98.502,C
906,2781850.914,486235.482,98.682,C
907,2781850.638,486232.303,98.26,C
908,2781853.539,486233.156,98.31,C
909,2781854.6,486229.174,97.732,C
910,2781857.951,486228.804,97.498,C
911,2781860.469,486229.459,97.309,C
912,2781862.108,486231.97,97.333,C
913,2781864.945,486232.502,97.11,C
914,2781865.137,486229.964,96.946,C
915,2781865.887,486227.86,96.547,C
916,2781866.632,486225.978,96.482,C
917,2781868.191,486229.097,96.561,C
918,2781869.75,486232.407,96.868,C
919,2781868.521,486234.035,97.015,C
920,2781868.317,486235.767,97.179,C
921,2781868.146,486237.749,98.761,BR
922,2781869.777,486237.777,97.203,C
923,2781871.983,486238.282,97.061,C
924,2781874.151,486236.91,96.574,C
925,2781873.827,486240.767,96.87,C
926,2781874.473,486243.859,96.712,C
927,2781877.665,486244.879,96.503,C
928,2781881.478,486250.159,96.583,C
929,2781878.905,486234.184,96.16,C
930,2781871.627,486228.044,96.369,C
931,2781842.102,486235.002,98.379,C
932,2781842.545,486232.821,98.345,C
933,2781844.063,486229.63,98.167,C
934,2781847.405,486229.274,98.051,C
935,2781849.764,486230.216,97.951,C
936,2781850.998,486226.73,97.637,C
937,2781852.569,486224.165,97.335,C
938,2781855.124,486225.422,97.247,C
939,2781855.732,486222.307,96.961,C
940,2781858.57,486225.025,96.947,C
941,2781861.811,486224.192,96.691,C
942,2781859.123,486221.627,96.723,C
943,2781864.677,486221.037,96.405,C
944,2781867.627,486224.308,96.268,C
945,2781872.021,486222.149,96.025,C
946,2781877.893,486221.355,95.786,C
947,2781881.418,486223.636,95.654,C
948,2781879.463,486226.888,95.783,C
949,2781876.31,486228.122,95.911,C
950,2781878.638,486231.032,96.135,C
951,2781883.344,486235.1,95.845,C
952,2781885.499,486239.316,95.805,C
953,2781886.303,486243.243,95.838,C
954,2781884.44,486246.151,95.995,C
955,2781884.785,486251.293,96.352,C
956,2781886.997,486253.467,96.437,C
957,2781888.764,486256.045,96.555,C
958,2781885.143,486260.423,97.63,C
959,2781882.499,486257.43,97.283,C
960,2781886.044,486252.727,96.445,C
961,2781866.999,486224.637,96.316,C
962,2781844.411,486229.851,98.155,R
963,2781854.845,486223.725,97.121,R
964,2781860.193,486220.16,96.603,R
965,2781859.078,486219.906,96.781,C
966,2781856.656,486217.785,96.854,C
967,2781855.349,486219.748,96.924,C
968,2781853.851,486222.668,97.163,C
969,2781852.03,486221.807,97.159,C
970,2781849.887,486221.616,97.122,C
971,2781850.974,486220.248,97.003,C
972,2781852.254,486218.862,96.906,C
973,2781850.194,486217.457,96.788,C
974,2781851.432,486215.452,96.686,C
975,2781854.67,486215.022,96.752,C
976,2781852.982,486211.029,96.428,C
977,2781850.476,486208.687,96.161,C
978,2781848.431,486209.161,96.153,C
979,2781848.154,486212.165,96.388,C
980,2781846.943,486210.273,96.219,C
981,2781846.092,486208.808,96.075,C
982,2781847.388,486206.815,95.994,C
983,2781846.881,486204.188,95.881,C
984,2781844.585,486206.253,95.935,C
985,2781847.234,486215.013,96.898,C
986,2781848.605,486217.147,96.931,C
987,2781846.012,486216.328,97.007,C
988,2781844.548,486220.106,97.071,C
989,2781837.653,486221.236,97.125,C
990,2781840.962,486225.164,97.16,C
991,2781843.44,486214.875,97.075,C
992,2781846.657,486222.583,97.097,C
993,2781838.057,486189.918,95.677,C
994,2781838.684,486188.121,95.185,C
995,2781836.598,486186.125,95.467,C
996,2781840.019,486186.974,94.92,C
997,2781840.596,486189.858,95.292,C
998,2781842.617,486190.042,94.781,C
999,2781845.892,486192.683,94.514,C
1000,2781847.843,486195.083,94.454,C
1001,2781853.152,486195.463,94.362,C
1002,2781856.124,486201.058,94.312,C
1003,2781861.018,486200.12,94.176,C
1004,2781863.426,486206.532,94.129,C
1005,2781863.614,486200.182,94.142,C
1006,2781865.601,486195.491,94.018,C
1007,2781869.637,486193.978,94.184,C
1008,2781867.501,486189.539,94.05,C
1009,2781871.119,486185.381,93.993,C
1010,2781874.288,486182.691,93.917,C
1011,2781873.246,486178.851,93.849,C
1012,2781870.797,486176.697,93.892,C
1013,2781868.718,486170.66,93.933,C
1014,2781862.104,486169.075,94.013,C
1015,2781861.803,486174.489,94.049,C
1016,2781861.241,486180.727,94.153,C
1017,2781857.719,486185.992,94.128,C
1018,2781851.591,486184.492,94.289,C
1019,2781850.898,486179.578,94.304,C
1020,2781845.675,486181.573,94.494,C
1021,2781841.965,486185.215,94.66,C
1022,2781824.96,486186.865,96.651,BU
1023,2781829.834,486181.257,96.643,BU
1024,2781832.757,486180.301,96.626,BU
1025,2781837.712,486174.602,96.61,BU
1026,2781838.522,486171.798,96.613,BU
1027,2781843.439,486166.259,96.605,BU
1028,2781846.069,486164.984,96.591,BU
1029,2781850.968,486159.466,96.591,BU
1030,2781851.982,486157.811,96.408,BU
1031,2781853.612,486154.902,96.723,BR
1032,2781856.511,486159.181,96.733,BR
1033,2781841.772,486175.89,96.72,BR
1034,2781826.335,486193.001,96.787,BR
1035,2781820.479,486186.05,96.539,T
1036,2781825.49,486191.286,96.47,S
1037,2781829.214,486188.686,96.499,S
1038,2781834.495,486182.277,96.456,S
1039,2781838.761,486178.517,96.393,S
1040,2781843.547,486172.815,96.419,S
1041,2781848.049,486167.532,96.406,S
1042,2781852.868,486162.236,96.354,S
1043,2781853.626,486156.169,96.245,C
1044,2781855.176,486159.898,96.298,C
1045,2781851.93,486162.57,96.358,C
1046,2781846.337,486166.625,96.552,C
1047,2781837.939,486174.499,96.595,C
1048,2781832.182,486184.016,96.506,C
1049,2781849.535,486200.941,95.901,C
1050,2781845.217,486202.738,95.917,C
1051,2781844.163,486198.105,95.787,C
1052,2781840.256,486198.906,95.807,C
1053,2781836.717,486194.614,95.806,C
1054,2781833.469,486196.193,95.894,C
1055,2781828.713,486196.707,95.906,C
1056,2781826.492,486205.357,96.035,C
1057,2781820.665,486204.082,96.054,C
1058,2781822.258,486198.877,95.943,C
1059,2781822.139,486212.327,96.174,C
1060,2781820.584,486208.661,96.133,C
1061,2781841.106,486200.47,95.838,BU
1062,2781834.696,486197.211,95.897,BU
1063,2781824.415,486209.171,96.087,BU
1064,2781824.901,486211.301,96.177,BU
1065,2781828.357,486214.242,96.486,BU
1066,2781825.95,486221.454,96.517,BU
1067,2781809.999,486222.247,96.589,BU
1068,2781809.303,486219.173,96.567,BU
1069,2781840.38,486192.41,96.121,BR
1070,2781846.517,486197.672,96.163,BR
1071,2781833.456,486186.988,96.215,BR
1072,2781819.691,486179.81,96.605,BU
1073,2781825.071,486174.713,96.57,BU
1074,2781831.241,486171.011,96.585,BU
1075,2781833.686,486168.984,96.549,BU
1076,2781834.817,486166.245,96.563,BU
1077,2781840.28,486161.166,96.51,BU
1078,2781849.984,486154.199,96.35,BU
1079,2781850.888,486150.661,96.77,BR
1080,2781806.445,486184.136,97.133,BR
1082,2781813.272,486178.444,96.817,BR
1083,2781836.222,486157.962,96.787,BR
1084,2781838.835,486159.642,96.276,BR
1085,2781830.761,486168.217,96.343,BR
1086,2781820.683,486173.947,96.344,BR
1087,2781791.921,486220.378,96.899,BU
1088,2781788.684,486221.398,97.051,BU
1089,2781775.834,486215.417,96.546,BU
1090,2781774.352,486212.625,96.022,BU
1091,2781765.284,486201.243,95.662,BU
1092,2781765.18,486198.045,95.367,BU
1093,2781776.409,486189.066,95.453,BU
1094,2781771.659,486181.44,95.247,BU
1095,2781776.835,486184.178,95.402,BU
1096,2781785.133,486178.961,95.399,BU
1097,2781784.351,486177.567,95.444,BU
1098,2781788.245,486175.126,95.35,BU
1099,2781783.443,486167.288,95.078,BU
1100,2781785.003,486164.626,95.151,BU
1101,2781788.599,486170.422,95.27,BU
1102,2781796.936,486164.935,95.239,BU
1103,2781796.098,486163.665,95.25,BU
1104,2781800.044,486161.086,95.014,BU
1105,2781800.334,486156.416,94.998,BU
1106,2781811.838,486147.275,94.879,BU
1107,2781816.01,486192.608,95.774,BS
1108,2781816.011,486192.608,95.774,BS
1109,2781813.531,486189.283,95.74,BS
1110,2781811.197,486187.384,95.688,BS
1111,2781808.816,486185.356,95.596,BS
1112,2781806.384,486183.695,95.592,BS
1113,2781803.354,486182.904,95.53,BS
1114,2781800.267,486182.971,95.547,BS
1115,2781797.244,486183.402,95.575,BS
1116,2781794.555,486184.534,95.629,BS
1117,2781791.641,486185.842,95.627,BS
1118,2781788.922,486187.398,95.7,BS
1119,2781786.445,486189.073,95.743,BS
1120,2781784.03,486190.983,95.741,BS
1121,2781781.815,486193.382,95.775,BS
1122,2781780.011,486196.309,95.834,BS
1123,2781779.884,486199.242,95.882,BS
1124,2781779.916,486202.279,95.917,BS
1125,2781780.458,486203.338,96.047,T
1126,2781781.314,486205.182,95.991,BS
1127,2781783.883,486207.075,96.072,BS
1128,2781786.611,486208.421,96.15,BS
1129,2781789.482,486209.141,96.275,BS
1130,2781792.501,486209.399,96.294,BS
1131,2781795.518,486209.408,96.397,BS
1132,2781798.723,486209.585,96.23,BS
1133,2781801.525,486209.746,96.329,BS
1134,2781804.851,486209.833,96.317,BS
1135,2781807.674,486209.282,96.279,BS
1136,2781810.534,486208.023,96.219,BS
1137,2781813.116,486206.453,96.218,BS
1138,2781815.23,486204.249,96.15,BS
1139,2781816.512,486201.406,96.006,BS
1140,2781816.992,486198.324,95.902,BS
1141,2781816.926,486195.247,95.93,BS
1142,2781798.719,486195.275,95.661,BR
1143,2781800.564,486196.937,95.727,BR
1144,2781800.655,486199.072,95.792,BR
1145,2781798.88,486200.838,95.834,BR
1146,2781796.362,486200.548,95.85,BR
1147,2781795.073,486198.626,95.768,BR
1148,2781795.992,486195.723,95.697,BR
1149,2781797.685,486195.047,95.672,BR
1150,2781803.765,486195.741,95.717,C
1151,2781806.861,486195.405,95.724,C
1152,2781809.899,486194.215,95.692,C
1153,2781811.222,486191.59,95.634,C
1154,2781810.381,486188.27,95.581,C
1155,2781807.599,486186.688,95.524,C
1156,2781803.796,486186.182,95.507,C
1157,2781799.281,486187.52,95.517,C
1158,2781795.501,486186.749,95.502,C
1159,2781793.002,486189.628,95.572,C
1160,2781794.872,486192.301,95.643,C
1161,2781792.796,486195.873,95.743,C
1162,2781787.859,486198.07,95.784,C
1163,2781783.75,486196.144,95.73,C
1164,2781785.268,486202.203,95.885,C
1165,2781788.609,486203.868,95.948,C
1166,2781792.008,486201.063,95.852,C
1167,2781795.696,486202.789,95.924,C
1168,2781792.852,486205.557,96.014,C
1169,2781790.634,486207.476,96.046,C
1170,2781796.165,486207.901,96.057,C
1171,2781799.573,486206.218,96.012,C
1172,2781802.537,486203.347,95.954,C
1173,2781806.608,486206.569,96.045,C
1174,2781810.138,486205.045,95.963,C
1175,2781813.275,486203.458,95.936,C
1176,2781810.105,486199.55,95.806,C
1177,2781811.779,486194.466,95.695,C
1178,2781808.94,486190.108,95.609,C
1179,2781802.214,486192.15,95.632,C
1180,2781819.817,486195.19,95.94,C
1181,2781821.683,486190.82,95.874,C
1182,2781815.782,486187.592,95.746,C
1183,2781811.743,486181.706,95.552,C
1184,2781805.481,486173.205,95.252,C
1185,2781806.743,486166.771,95.085,C
1186,2781809.971,486160.649,94.926,C
1187,2781809.802,486154.898,94.888,C
1188,2781810.26,486153.144,94.886,BR
1189,2781812.985,486162.708,95.133,BR
1190,2781806.695,486169.086,95.447,BR
1191,2781806.614,486172.434,95.564,BR
1192,2781813.08,486179.22,95.723,BR
1193,2781806.593,486161.048,94.993,BS
1194,2781806.691,486155.17,94.914,BS
1195,2781809.056,486153.795,94.889,BS
1196,2781810.18,486157.48,94.903,BS
1197,2781800.812,486162.495,94.989,BS
1198,2781804.504,486163.217,95.039,BS
1199,2781799.316,486168.611,95.208,BS
1200,2781797.933,486164.21,95.129,BS
1201,2781796.257,486168.356,95.232,BS
1202,2781797.419,486170.421,95.249,BS
1203,2781793.515,486174.08,95.301,BS
1204,2781792.029,486170.981,95.275,BS
1205,2781790.02,486172.432,95.287,BS
1206,2781791.84,486176.03,95.343,BS
1207,2781787.608,486180.43,95.392,BS
1208,2781785.907,486178.333,95.38,BS
1209,2781797.895,486179.105,95.389,C
1210,2781794.649,486181.686,95.435,C
1211,2781793.768,486177.639,95.365,C
1212,2781788.245,486181.408,95.417,C
1213,2781785.978,486185.707,95.483,C
1214,2781781.026,486183.953,95.396,C
1215,2781781.2,486187.638,95.488,C
1216,2781776.99,486189.988,95.478,C
1217,2781778.756,486193.387,95.552,C
1218,2781777.07,486197.93,95.636,C
1219,2781771.398,486196.813,95.434,C
1220,2781768.864,486201.798,95.461,C
1221,2781776.031,486202.497,95.714,C
1222,2781774.436,486206.591,95.724,C
1223,2781780.805,486208.436,95.941,C
1224,2781779.101,486213.933,96.03,C
1225,2781786.283,486211.636,96.147,C
1226,2781790.773,486217.054,96.346,C
1227,2781790.951,486219.243,96.542,BS
1228,2781792.615,486216.348,96.513,BS
1229,2781795.272,486216.013,96.533,BS
1230,2781795.468,486219.128,96.629,BS
1231,2781793.817,486212.017,96.287,C
1232,2781797.321,486215.004,96.332,C
1233,2781801.13,486211.982,96.309,C
1234,2781805.242,486214.32,96.351,C
1235,2781807.665,486211.066,96.287,C
1236,2781812.1,486213.083,96.32,C
1237,2781815.699,486208.09,96.222,C
1238,2781812.632,486214.621,96.533,BS
1239,2781813.003,486217.37,96.546,BS
1240,2781807.695,486218.233,96.582,BS
1241,2781807.161,486215.197,96.57,BS
1242,2781872.59,486272.976,99.002,C
1243,2781872.952,486271.299,98.924,C
1244,2781874.998,486270.655,98.814,C
1245,2781874.824,486269.138,98.607,C
1246,2781873.94,486268.151,98.576,C
1247,2781876.017,486268.074,98.45,C
1248,2781875.571,486265.235,98.181,C
1249,2781877.718,486266.027,98.103,C
1250,2781879.725,486264.146,97.744,C
1251,2781881.553,486262.186,97.402,C
1252,2781880.788,486261.181,97.365,C
1253,2781879.469,486260.419,97.411,C
1254,2781877.746,486262.651,97.755,C
1255,2781879.8,486260.508,97.392,C
1256,2781882.986,486260.374,97.073,C
1257,2781884.612,486257.839,96.642,C
1258,2781887.773,486256.228,96.161,C
1259,2781888.158,486254.183,95.948,C
1260,2781873.508,486265.81,98.413,C
1261,2781874.997,486264.702,98.171,C
1262,2781876.499,486262.66,97.859,C
1263,2781878.528,486260.213,97.464,C
1264,2781881.143,486257.948,97.002,C
1265,2781884.784,486255.574,96.411,C
1266,2781885.238,486251.15,96.055,C
1267,2781882.37,486255.486,96.613,C
1268,2781885.739,486255.467,96.311,C
1269,2781887.18,486252.05,95.839,C
1270,2781889.683,486254.771,95.889,C
1271,2781892.742,486250.756,95.326,C
1272,2781891.86,486249.621,95.293,C
1273,2781893.045,486246.458,94.956,C
1274,2781894.472,486244.8,94.765,C
1275,2781895.444,486245.157,94.716,C
1276,2781897.206,486246.823,94.712,C
1277,2781893.768,486250.933,95.52,C
1278,2781896.642,486242.95,94.476,C
1279,2781898.546,486242.216,94.301,C
1280,2781900.075,486243.367,94.267,C
1281,2781895.251,486247.001,94.849,C
1282,2781898.989,486240.808,94.381,C
1283,2781899.927,486241.66,94.453,C
1284,2781901.201,486242.883,94.521,C
1285,2781904.106,486234.835,93.643,C
1286,2781905.012,486234.933,93.571,C
1287,2781906.602,486235.25,93.457,C
1288,2781908.106,486235.26,93.318,C
1289,2781910.11,486233.87,93.122,C
1290,2781907.745,486233.998,93.351,C
1291,2781906.163,486232.414,93.441,C
1292,2781872.207,486276.323,99.081,C
1293,2781871.699,486275.639,99.069,C
1294,2781872.399,486274.915,99.052,C
1295,2781873.348,486274.645,99.047,C
1296,2781873.952,486272.954,99.016,C
1297,2781874.329,486272.493,98.992,C
1298,2781874.964,486271.904,98.915,C
1299,2781875.265,486271.509,98.902,C
1300,2781875.966,486270.741,98.876,C
1301,2781875.654,486270.09,98.753,C
1302,2781873.473,486270.462,98.823,C
1303,2781871.971,486269.739,98.824,C
1304,2781871.148,486266.207,98.618,C
1305,2781869.778,486264.639,98.741,C
1306,2781870.261,486265.849,98.685,C
1307,2781871.072,486265.215,98.627,C
1308,2781869.498,486263.668,98.784,C
1309,2781868.233,486262.337,98.854,C
1310,2781866.586,486260.855,98.884,C
1311,2781865.521,486262.765,98.918,C
1312,2781863.448,486257.764,98.951,C
1313,2781863.641,486255.763,98.982,C
1314,2781862.163,486256.182,98.969,C
1315,2781861.941,486260.225,98.966,C
1316,2781863.643,486263.808,98.955,C
1317,2781861.558,486261.9,98.971,C
1318,2781860.425,486262.81,98.97,C
1319,2781859.74,486265.096,98.963,C
1320,2781859.066,486266.167,98.974,C
1321,2781862.57,486266.574,98.959,C
1322,2781865.052,486267.932,98.916,C
1323,2781866.696,486269.766,98.914,C
1324,2781868.247,486269.659,98.889,C
1325,2781869.329,486270.589,98.905,C
1326,2781868.158,486267.425,98.815,C
1327,2781853.242,486263.51,98.989,C
1328,2781855.384,486265.429,98.981,C
1329,2781851.672,486263.405,99.007,C
1330,2781846.702,486260.758,98.974,C
1331,2781838.943,486256.299,98.973,C
1332,2781836.101,486256.007,98.967,C
1333,2781830.136,486256.14,98.949,C
1334,2781858.009,486268.2,98.966,C
1335,2781858.618,486270.385,98.999,C
1336,2781861.363,486271.874,98.99,C
1337,2781863.575,486272.976,99.013,C
1338,2781862.373,486271.374,98.992,C
1339,2781864.585,486270.795,98.975,C
1340,2781860.723,486269.81,98.994,C
1341,2781864.156,486272.976,99.019,C
1342,2781865.972,486273.915,99.067,C
1343,2781866.445,486272.259,99.015,C
1344,2781867.501,486271.233,98.962,C
1345,2781867.209,486273.179,99.025,C
1346,2781867.315,486273.944,99.048,C
1347,2781868.384,486274.785,99.06,C
1348,2781869.68,486274.737,99.05,C
1349,2781870.293,486274.57,99.042,C
1350,2781868.925,486273.338,99.014,C
1351,2781856.713,486270.246,99.271,BR
1352,2781861.61,486272.673,99.294,BR
1353,2781862.595,486273.072,99.295,BR
1354,2781863.027,486273.132,99.975,BR
1355,2781860.989,486278.53,99.941,BR
1356,2781872.495,486276.785,99.982,BR
1357,2781874.977,486273.514,99.973,BR
1358,2781877.065,486270.07,98.773,BR
1359,2781877.393,486267.175,98.492,BR
1360,2781884.18,486260.389,97.278,BR
1361,2781892.971,486251.748,95.699,BR
1362,2781898.065,486240.723,94.49,BR
1363,2781887.286,486251.351,96.03,BR
1364,2781885.447,486251.11,96.233,BR
1365,2781885.266,486249.743,96.217,BR
1366,2781880.862,486256.512,97.241,BR
1367,2781872.916,486265.179,98.56,BR
1368,2781872.747,486264.905,98.929,BR
1369,2781867.478,486260.091,98.911,BR
1370,2781862.992,486254.137,99.206,BR
1371,2781861.723,486252.69,99.487,BR
1372,2781860.555,486255.468,99.56,BR
1373,2781867.438,486259.876,99.522,TEMPLE
1374,2781868.472,486258.677,99.547,TEMPLE
1375,2781866.218,486258.852,99.534,TEMPLE
1376,2781861.805,486256.064,99.05,TEMPLE
1377,2781857.513,486254.356,99.203,TEMPLE
1378,2781857.846,486264.791,99.015,TEMPLE
1379,2781853.401,486262.879,99.082,TEMPLE
1380,2781847.652,486260.336,99.012,TEMPLE
1381,2781853.096,486264.937,99.745,BR
1382,2781851.571,486268.577,99.695,BR
1383,2781856.117,486270.505,99.683,BR
1384,2781857.792,486266.893,99.663,BR
1385,2781853.918,486267.809,99.996,T
1386,2781863.796,486265.964,99.189,T
1387,2781865.407,486257.232,98.991,T
1388,2781877.555,486258.235,97.83,T
1389,2781886.318,486248.574,97.034,T
1390,2781886.357,486250.863,96.173,T
1391,2781890.592,486254.652,95.7,T
1392,2781886.02,486259.755,96.75,T
1393,2781881.627,486264.58,97.532,T
1394,2781877.732,486269.375,98.673,T
1395,2781880.828,486286.234,99.274,BU
1396,2781872.307,486282.857,99.243,BU
1397,2781870.157,486282.032,99.283,BU
1398,2781861.227,486278.602,99.197,BU
1399,2781864.213,486278.651,99.376,T
1400,2781865.766,486278.906,99.281,T
1401,2781864.662,486274.05,99.137,LP
1402,2781878.929,486269.271,99.133,BR
1403,2781894.14,486258.205,97.244,BR
1404,2781886.903,486265.897,99.059,BR
1405,2781893.129,486261.328,98.997,BR
1406,2781883.374,486266.234,98.568,T
1407,2781841.723,486278.227,100.239,BU
1408,2781842.519,486276.274,100.248,BU
1409,2781844.638,486271.075,100.267,BU
1410,2781869.009,486273.333,99.018,C
1411,2781863.281,486274.071,99.149,C
1412,2781864.017,486276.39,99.165,C
1413,2781864.29,486278.101,99.274,C
1414,2781869.274,486279.904,99.216,C
1415,2781871.86,486278.969,99.207,C
1416,2781873.566,486276.597,99.162,C
1417,2781876.524,486274.847,99.125,C
1418,2781878.682,486272.197,98.96,C
1419,2781878.825,486270.165,98.896,C
1420,2781880.806,486269.304,98.655,C
1421,2781882.436,486267.382,98.366,C
1422,2781883.845,486267.126,98.229,C
1423,2781884.931,486266.115,98.031,C
1424,2781886.376,486265.679,97.873,C
1425,2781886.948,486264.158,97.703,C
1426,2781881.72,486270.851,99.06,C
1427,2781883.779,486271.356,99.116,C
1428,2781886.042,486271.051,99.189,C
1429,2781887.765,486269.169,99.251,C
1430,2781889.218,486267.308,99.292,C
1431,2781891.51,486266.146,99.37,C
1432,2781893.22,486266.085,99.482,C
1433,2781891.929,486268.131,99.374,C
1434,2781889.58,486269.77,99.292,C
1435,2781890.676,486271.808,99.268,C
1436,2781891.561,486274.563,99.23,C
1437,2781892.669,486275.884,99.061,C
1438,2781893.947,486278.587,99.022,C
1439,2781886.905,486276.812,99.009,C
1440,2781881.917,486274.884,98.989,C
1441,2781900.755,486277.119,99.122,C
1442,2781898.929,486278.868,98.963,C
1443,2781896.935,486279.828,98.993,C
1444,2781902.725,486279.689,98.918,C
1445,2781904.619,486280.77,98.903,C
1446,2781907.404,486280.616,98.86,C
1447,2781909.63,486282.124,98.829,C
1448,2781913.082,486284.386,98.702,C
1449,2781911.452,486285.356,98.655,C
1450,2781909.571,486285.908,98.646,C
1451,2781906.689,486284.397,98.703,C
1452,2781903.379,486284.198,98.784,C
1453,2781901.661,486282.752,98.77,C
1454,2781899.473,486281.398,98.879,C
1455,2781897.466,486283.225,98.769,C
1456,2781903.773,486292.816,98.479,C
1457,2781901.204,486292.113,98.41,C
1458,2781900.76,486289.097,98.447,C
1459,2781899.425,486285.816,98.609,C
1460,2781897.7,486286.361,98.736,C
1461,2781897.698,486288.43,98.642,C
1462,2781896.132,486288.221,98.867,C
1463,2781895.422,486286.478,99.077,C
1464,2781892.956,486286.922,99.055,C
1465,2781894.325,486284.508,99.058,C
1466,2781890.423,486284.816,99.096,C
1467,2781891.671,486288.154,99.01,C
1468,2781893.333,486289.298,98.971,C
1469,2781892.972,486291.3,98.992,C
1470,2781892.781,486293.115,98.932,C
1471,2781891.951,486294.951,98.908,C
1472,2781889.98,486294.065,98.897,C
1473,2781890.468,486291.23,98.951,C
1474,2781891.626,486288.705,98.98,C
1475,2781886.853,486286.693,99.052,C
1476,2781883.636,486286.957,98.997,C
1477,2781882.845,486289.982,99.033,C
1478,2781883.68,486292.089,98.977,C
1479,2781885.865,486290.426,99.009,C
1480,2781888.608,486286.546,98.96,C
1481,2781889.659,486288.277,98.76,C
1482,2781887.947,486288.747,98.607,C
1483,2781887.84,486290.768,98.282,C
1484,2781888.366,486292.014,98.175,C
1485,2781886.852,486292.361,98.066,C
1486,2781887.55,486294.411,97.788,C
1487,2781886.138,486294.293,97.703,C
1488,2781885.302,486293.232,99.183,BR
1489,2781881.561,486291.561,99.317,BR
1490,2781877.856,486298.158,99.44,BU
1491,2781880.126,486292.396,99.407,BU
1492,2781878.906,486291.798,99.418,BU
1493,2781880.211,486290.634,99.219,C
1494,2781881.661,486289.1,99.206,C
1495,2781881.348,486286.721,99.223,C
1496,2781880.426,486284.537,99.22,C
1497,2781881.053,486281.969,99.201,C
1498,2781876.905,486281.277,99.206,C
1499,2781879.437,486277.96,98.961,C
1500,2781882.692,486277.819,98.917,C
1501,2781885.399,486279.349,98.91,C
1502,2781889.104,486279.244,98.91,C
1503,2781890.819,486281.983,98.903,C
1504,2781894.436,486280.488,98.92,C
1505,2781897.414,486276.212,99.111,C
1506,2781894.668,486275.399,99.091,C
1507,2781893.621,486272.337,99.089,C
1508,2781894.559,486270.403,99.1,C
1509,2781894.518,486267.582,99.169,BS
1510,2781890.172,486269.717,99.145,BS
1511,2781888.636,486270.619,99.207,BS
1512,2781891.545,486276.209,99.144,BS
1513,2781893.899,486276.882,99.131,BS
1514,2781897.188,486277.81,99.062,BS
1515,2781900.675,486276.158,99.225,BS
1516,2781897.761,486279.923,98.948,BS
1517,2781896.147,486279.753,99.024,BS
1518,2781896.612,486283.473,98.859,BS
1519,2781895.043,486283.549,98.967,BS
1520,2781886.418,486281.375,99.014,BS
1521,2781877.172,486279.107,99.08,BS
1522,2781878.631,486275.618,98.961,BS
1523,2781881.404,486274.105,99.102,BS
1524,2781878.063,486275.252,99.99,BR
1525,2781876.309,486278.822,100.012,BR
1526,2781884.222,486284.795,99.235,BR
1527,2781888.005,486285.883,99.254,BR
1528,2781891.159,486286.942,99.191,BR
1529,2781895.196,486288.403,99.145,BR
1530,2781892.595,486296.791,99.124,BR
1531,2781888.307,486294.747,99.174,BR
1532,2781894.241,486290.96,99.169,T
1533,2781907.141,486291.684,98.649,BU
1534,2781901.548,486294.384,98.581,BU
1535,2781893.389,486294.385,99.154,BU
1536,2781897.033,486300.617,98.571,BU
1537,2781895.955,486301.142,98.273,BU
1538,2781899.825,486309.483,98.313,BU
1539,2781892.777,486264.853,99.573,BU
1540,2781896.03,486277.431,99.634,BU
1541,2781900.809,486274.796,99.065,BU
1542,2781903.391,486277.419,99.087,BU
1543,2781901.449,486277.39,100.433,BR
1544,2781902.087,486278.59,100.421,BR
1545,2781908.941,486280.189,100.407,BR
1546,2781893.406,486262.714,100.289,BR
1547,2781892.686,486264.872,98.814,BR
1548,2781924.603,486192.684,91.456,BU
1549,2781927.441,486193.66,91.414,BU
1550,2781928.675,486190.91,91.062,BU
1551,2781942.895,486195.937,90.986,BU
1552,2781950.337,486210.48,90.97,BU
1553,2781924.304,486192.398,91.488,BR
1554,2781910.67,486187.784,90.714,BR
1555,2781913.426,486186.128,90.813,BR
1556,2781916.525,486187.277,90.826,BR
1557,2781918.593,486186.525,90.781,BR
1558,2781919.457,486185.509,90.782,BR
1559,2781912.697,486185.047,90.787,BR
1560,2781912.481,486182.846,90.79,BR
1561,2781914.183,486180.408,90.746,BR
1562,2781916.88,486179.991,90.739,BR
1563,2781918.202,486180.588,90.75,BR
1564,2781914.997,486174.759,88.633,C
1565,2781916.404,486177.908,88.663,C
1566,2781912.028,486179.544,89.083,C
1567,2781909.141,486176.549,89.026,C
1568,2781905.539,486181.057,89.46,C
1569,2781911.182,486184.653,89.714,C
1570,2781907.05,486187.713,90.144,C
1571,2781910.178,486193.036,90.704,C
1572,2781915.752,486190.701,90.803,C
1573,2781918.308,486196.395,91.246,C
1574,2781923.417,486194.114,91.452,C
1575,2781924.113,486197.962,91.536,C
1576,2781921.577,486201.82,91.693,C
1577,2781926.179,486202.364,91.57,C
1578,2781929.35,486199.813,91.378,C
1579,2781928.875,486194.851,91.326,C
1580,2781932.558,486194.068,91.067,C
1581,2781937.149,486194.878,90.966,C
1582,2781934.267,486199.099,91.226,C
1583,2781936.222,486204.048,91.274,C
1584,2781939.516,486203.708,91.217,C
1585,2781941.164,486199.345,91.11,C
1586,2781940.505,486195.2,90.964,C
1587,2781943.067,486196.02,91.273,BR
1588,2781936.199,486205.658,91.605,BR
1589,2781939.374,486206.736,91.405,BR
1590,2781944.483,486208.811,91.132,BR
1591,2781953.772,486212.233,90.859,BR
1592,2781956.704,486216.246,89.994,BR
1593,2781956.777,486216.247,90.006,BR
1594,2781964.98,486219.383,89.987,BR
1595,2781965.468,486216.495,89.994,BR
1596,2781958.064,486213.784,89.997,BR
1597,2781962.984,486217.867,89.816,C
1598,2781959.745,486214.817,89.816,C
1599,2781955.9,486215.684,89.823,C
1600,2781953.747,486212.674,89.923,C
1601,2781950.621,486213.595,90.122,C
1602,2781947.761,486210.544,90.393,C
1603,2781943.758,486210.73,90.67,C
1604,2781941.317,486208.048,90.917,C
1605,2781938.017,486208.827,91.121,C
1606,2781933.024,486205.541,91.385,C
1607,2781935.831,486206.743,91.334,C
1608,2781932.747,486207.754,91.429,C
1609,2781935.286,486208.439,91.562,BS
1610,2781943.698,486211.474,91.031,BS
1611,2781954.223,486215.145,89.991,BS
1612,2781949.864,486226.788,90.054,BS
1613,2781944.754,486241.366,90.074,BS
1614,2781947.367,486242.721,89.985,BR
1615,2781951.999,486230.09,89.983,BR
1616,2781942.622,486239.188,89.977,C
1617,2781939.92,486235.983,89.933,C
1618,2781935.373,486237.151,90.093,C
1619,2781933.891,486233.02,90.101,C
1620,2781933.325,486226.736,90.133,C
1621,2781942.723,486218.769,90.095,C
1622,2781945.67,486216.288,89.89,C
1623,2781950.767,486216.844,90.062,C
1624,2781949.735,486224.77,89.946,C
1625,2781929.133,486206.768,92.215,LP
1626,2781929.615,486206.317,92.353,BR
1627,2781925.957,486204.967,92.34,BR
1628,2781916.717,486201.383,92.665,BR
1629,2781920.129,486200.038,92.435,BR
1630,2781894.375,486190.663,93.368,BR
1631,2781916.893,486202.132,92.502,T
1632,2781929.357,486206.406,92.438,T
1633,2781925.718,486205.209,92.408,T
1634,2781904.574,486186.335,90.233,T
1635,2781917.376,486180.072,89.272,T
1636,2781928.601,486181.896,93.035,BU
1637,2781950.41,486208.92,91.699,BU
1638,2781948.571,486209.369,91.512,BU
1639,2781956.171,486212.934,92.219,BU
1641,2781930.987,486218.795,91.963,BS
1642,2781925.417,486234.899,92.163,BS
1643,2781920.706,486229.047,92.637,LP
1644,2781919.474,486234.076,92.46,BR
1645,2781926.988,486213.467,92.314,BR
1646,2781940.847,486204.007,91.322,S
1647,2781940.313,486206.263,91.289,S
1648,2781944.471,486207.9,91.067,S
1649,2781948.692,486208.928,91.061,S
1650,2781925.61,486202.105,91.577,C
1651,2781922.553,486202.686,91.663,C
1652,2781922.162,486200.456,91.653,C
1653,2781919.057,486201.386,91.772,C
1654,2781917.277,486199.486,91.806,C
1655,2781914.544,486199.13,91.932,C
1656,2781909.772,486196.979,92.084,C
1657,2781905.703,486196.147,92.236,C
1658,2781902.177,486194.147,92.378,C
1659,2781897.657,486192.79,92.551,C
1660,2781932.917,486210.35,91.451,C
1661,2781929.317,486211.085,91.506,C
1662,2781930.08,486216.458,91.573,C
1663,2781926.705,486218.311,91.619,C
1664,2781928.67,486223.09,91.677,C
1665,2781924.333,486223.73,91.735,C
1666,2781925.623,486228.93,91.806,C
1667,2781921.833,486230.579,91.943,C
1668,2781924.374,486234.315,91.959,C
1669,2781919.708,486235.16,92.226,C
1670,2781922.925,486236.885,91.964,C
IP2,2781925.486,486220.016,91.67,IP
1671,2781903.014,486226.359,93.113,T
1672,2781868.259,486213.516,94.63,T
1673,2781863.013,486210.564,94.749,T
1674,2781855.004,486208.127,95.7,T
1675,2781922.812,486220.738,92.347,C
1676,2781917.15,486217.794,92.165,C
1677,2781918.525,486213.042,92.188,C
1678,2781913.468,486209.359,92.214,C
1679,2781916.096,486204.86,92.134,C
1680,2781907.663,486206.83,92.207,C
1681,2781909.144,486202.906,92.275,C
1682,2781901.884,486204.487,92.445,C
1683,2781903.886,486199.527,92.386,C
1684,2781895.453,486202.456,92.663,C
1685,2781897.829,486197.478,92.656,C
1686,2781893.757,486208.471,92.7,C
1687,2781898.116,486210.513,92.722,C
1688,2781895.46,486216.308,92.71,C
1689,2781890.755,486214.861,93.035,C
1690,2781887.84,486218.991,93.39,C
1691,2781883.395,486214.783,93.36,C
1692,2781884.191,486210.097,93.312,C
1693,2781886.03,486201.917,93.206,C
1694,2781885.662,486194.243,93.403,C
1695,2781876.837,486190.095,93.466,C
1696,2781873.048,486195.018,93.497,C
1697,2781870.841,486203.027,93.621,C
1698,2781872.287,486209.488,93.698,C
1699,2781876.875,486212.917,93.486,C
1700,2781884.533,486215.163,93.276,C
1701,2781893.684,486222.012,92.987,C
1702,2781896.354,486217.891,92.71,C
1703,2781901.404,486219.287,92.68,C
1704,2781900.087,486224.728,92.657,C
1705,2781906.877,486221.879,92.433,C
1706,2781906.537,486226.424,92.397,C
1707,2781910.361,486216.652,92.228,C
1708,2781915.112,486218.101,92.225,C
1709,2781914.528,486223.436,92.169,C
1710,2781912.058,486229.584,92.293,C
1711,2781917.794,486231.662,92.232,C
1712,2781920.559,486226.484,92.268,C
1713,2781923.785,486221.196,92.31,C
1714,2781924.27,486218.333,92.134,C
1715,2781925.624,486214.499,92.091,C
1716,2781927.225,486208.992,91.947,C
1717,2781923.054,486208.064,92.051,C
1718,2781911.911,486301.369,98.369,BU
1719,2781920.263,486292.145,98.904,BU
1720,2781927.842,486287.08,99.088,BU
1721,2781928.986,486291.734,98.603,BU
1722,2781931.533,486290.546,98.684,BU
1723,2781934.715,486296.938,98.698,BU
1724,2781948.522,486296.26,98.284,BU
1726,2781941.448,486287.618,98.373,BR
1727,2781941.05,486283.324,98.396,BR
1728,2781939.376,486279.524,98.38,BR
1729,2781929.517,486269.114,98.47,BR
1730,2781921.721,486265.681,98.126,BR
1731,2781919.533,486266.157,98.132,BR
1732,2781916.402,486269.294,98.227,BR
1733,2781919.964,486269.123,98.15,BS
1734,2781917.388,486270.093,98.334,BS
1735,2781916.29,486275.137,98.539,BS
1736,2781914.705,486281.776,98.723,BS
1737,2781916.736,486282.268,98.607,BS
1738,2781917.518,486278.782,98.588,BS
1739,2781918.665,486273.862,98.555,BS
1740,2781921.958,486276.475,98.498,BS
1741,2781926.038,486275.183,98.382,BS
1742,2781927.143,486270.979,98.149,BS
1743,2781923.953,486267.938,98.124,BS
1744,2781927.97,486269.176,98.062,S
1745,2781931.216,486272.206,97.888,S
1746,2781934.042,486275.498,97.879,S
1747,2781937.346,486278.739,97.806,S
1748,2781939.419,486282.344,97.8,S
1749,2781938.343,486284.145,97.881,S
1750,2781940.51,486286.138,97.815,S
1751,2781939.885,486288.264,97.88,S
1752,2781909.816,486276.65,98.605,BU
1753,2781915.319,486273.794,98.489,BU
1754,2781912.725,486268.584,98.525,BU
1755,2781915.926,486266.776,99.291,BU
1756,2781910.437,486255.962,99.519,BU
1757,2781940.906,486296.822,99.041,BU
1758,2781938.328,486295.703,98.958,BU
1759,2781936.408,486300.291,99.065,BU
1760,2781912.515,486283.546,98.655,BS
1761,2781923.116,486286.067,98.498,BS
1762,2781934.271,486288.532,98.502,BS
1763,2781936.937,486292.52,98.449,BS
1764,2781936.316,486294.837,98.479,BS
1765,2781938.365,486295.531,98.245,BS
1766,2781939.441,486292.021,98.043,BS
1767,2781935.439,486286.637,98.145,BS
1768,2781927.757,486284.867,98.36,BS
1769,2781915.094,486287.202,98.626,C
1770,2781918.931,486286.033,98.621,C
1771,2781917.81,486288.171,98.582,C
1772,2781921.175,486289.327,98.57,C
1773,2781925.051,486288.549,98.536,C
1774,2781929.028,486288.944,98.514,C
1775,2781932.061,486288.879,98.526,C
1776,2781933.244,486292.017,98.39,C
1777,2781936.444,486292.512,98.404,C
1778,2781947.715,486293.932,97.579,S
1779,2781947.822,486294.907,97.613,C
1780,2781945.514,486292.443,97.619,C
1781,2781943.298,486292.876,97.784,C
1782,2781940.512,486293.986,97.985,C
1783,2781939.221,486289.637,97.863,C
1784,2781938.004,486285.564,97.894,C
1785,2781934.894,486284.635,98.075,C
1786,2781938.944,486280.41,97.647,C
1787,2781933.114,486279.424,97.991,C
1788,2781932.3,486273.652,97.774,C
1789,2781927.956,486276.728,98.244,C
1790,2781924.434,486277.575,98.366,C
1791,2781920.485,486277.726,98.449,C
1792,2781919.803,486281.828,98.529,C
1793,2781924.757,486281.046,98.409,C
1794,2781927.613,486282.709,98.386,C
1795,2781930.572,486283.425,98.315,C
1796,2781928.999,486280.916,98.25,C
1797,2781913.44,486287.627,99.137,BR
1798,2781897.625,486283.968,99.157,BR
1800,2781906.598,486230.989,93.538,T
1801,2781909.154,486231.629,93.367,LP
1802,2781911.534,486232.609,93.06,T
1803,2781916.797,486234.424,92.6,T
1804,2781925.631,486237.273,91.918,T
1805,2781931.185,486239.285,91.443,T
1806,2781936.812,486241.014,90.994,T
1807,2781942.04,486242.797,90.565,T
1808,2781947.399,486244.437,90.29,T
1809,2781961.208,486249.515,88.792,T
1810,2781959.261,486255.268,88.683,T
1811,2781952.508,486253.105,89.071,T
1812,2781945.847,486250.813,89.536,T
1813,2781941.868,486249.551,89.912,T
1814,2781934.945,486247.139,90.707,T
1815,2781928.213,486245.01,91.444,T
1816,2781922.245,486242.979,92.117,T
1817,2781919.416,486241.968,92.389,T
1818,2781912.764,486239.853,93.009,T
1819,2781905.836,486240.146,93.764,T
1820,2781900.078,486245.182,94.614,T
1821,2781891.121,486254.367,95.895,T
1822,2781899.586,486228.792,94.235,T
1823,2781894.845,486227.135,94.468,T
1824,2781889.859,486225.419,95.04,T
1825,2781884.158,486223.484,95.514,T
1826,2781879.543,486222.134,95.817,T
1827,2781883.979,486223.909,95.9,BR
1828,2781904.831,486230.792,93.961,BR
1829,2781918.507,486235.237,92.886,BR
1830,2781917.587,486234.694,92.908,BR
1831,2781924.507,486237.376,92.292,BR
1832,2781943.861,486243.948,90.606,BR
1833,2781943.241,486243.136,90.436,LP
1834,2781944.23,486243.42,90.592,BR
1835,2781946.762,486245.032,90.355,BR
1836,2781946.992,486243.811,90.358,BR
1837,2781960.95,486249.906,89.178,BR
1838,2781959.766,486255.221,89.07,BR
1839,2781930.536,486245.456,91.541,BR
1840,2781910.118,486238.582,93.484,BR
1841,2781905.224,486239.813,93.936,BR
1842,2781898.781,486239.907,94.468,BR
1843,2781898.918,486237.664,94.481,BR
1844,2781898.412,486235.743,94.5,BR
1845,2781897.528,486234.458,94.502,BR
1846,2781896.096,486233.393,94.543,BR
1847,2781891.729,486231.865,94.894,BR
1848,2781886.445,486248.546,95.743,T
1849,2781894.929,486242.577,94.764,C
1850,2781892.626,486240.137,94.872,C
1851,2781891.251,486238.111,94.85,C
1852,2781891.991,486236.69,94.799,C
1853,2781890.345,486237.206,94.746,C
1854,2781892.872,486234.967,94.677,C
1855,2781892.363,486233.581,94.55,C
1856,2781892.734,486244.384,94.868,C
1857,2781891.797,486243.269,94.921,C
1858,2781890.087,486241.434,94.906,C
1859,2781888.291,486242.015,95.073,C
1860,2781888.133,486244.238,95.207,C
1861,2781890.192,486244.966,95.083,C
1862,2781891.73,486246.185,95.059,C
1863,2781889.891,486247.516,95.331,C
1864,2781888.366,486247.295,95.422,C
1865,2781886.916,486246.178,95.446,C
1866,2781886.71,486243.945,95.363,C
1867,2781886.752,486246.16,95.463,C
1868,2781885.428,486243.109,95.392,C
1869,2781906.64,486241.539,94.533,C
1870,2781906.451,486242.703,94.748,C
1871,2781907.717,486243.758,94.8,C
1872,2781908.415,486242.731,94.801,C
1873,2781908.124,486240.716,94.828,C
1874,2781911.216,486242.291,94.206,C
1875,2781914.114,486242.756,93.846,C
1876,2781915.768,486242.955,93.895,C
1877,2781908.571,486242.466,94.984,C
1878,2781908.357,486246.995,95.286,C
1879,2781907.364,486248.642,95.584,C
1880,2781906.817,486247.759,95.547,C
1881,2781903.877,486244.498,95.186,C
1882,2781902.38,486245.171,95.241,C
1883,2781899.42,486248.842,95.955,C
1884,2781899.113,486249.13,95.995,C
1966,2781855.23,486221.086,97.063,C20
1967,2781855.912,486222.649,97.067,C20
1968,2781856.35,486223.286,97.09,C20
1969,2781876.178,486224.442,95.93,C40
1970,2781875.764,486226.993,95.977,C40
1971,2781875.992,486225.534,95.944,C40
1972,2781876.6,486222.161,95.926,C40
1973,2781876.344,486223.428,95.925,C40
1974,2781895.235,486230.313,94.411,C60
1975,2781894.518,486232.415,94.482,C60
1976,2781895.044,486231.193,94.433,C60
1977,2781895.499,486229.184,94.368,C60
1978,2781895.822,486227.954,94.315,C60
1979,2781914.059,486236.734,92.823,C80
1980,2781913.272,486239.526,92.881,C80
1981,2781913.741,486237.954,92.849,C80
1982,2781914.491,486235.623,92.805,C80
1983,2781914.929,486234.421,92.781,C80
1984,2781932.952,486243.294,91.16,C100
1985,2781932.095,486245.854,91.125,C100
1986,2781932.551,486244.327,91.134,C100
1987,2781933.422,486242.213,91.167,C100
1988,2781933.72,486240.944,91.19,C100
1989,2781951.702,486249.812,89.47,C120
1990,2781952.582,486247.403,89.467,C120
1991,2781952.02,486248.64,89.478,C120
1992,2781951.307,486251.302,89.46,C120
1993,2781951.07,486252.323,89.465,C120
1994,2781970.621,486256.219,88.286,C140
1995,2781969.767,486258.619,88.27,C140
1996,2781970.213,486257.318,88.292,C140
1997,2781971.076,486254.978,88.283,C140
1998,2781971.591,486253.799,88.264,C140
1999,2781989.549,486262.619,87.805,C160
2000,2781990.011,486261.301,87.789,C160
2001,2781990.451,486260.179,87.764,C160
2002,2781989.122,486263.833,87.811,C160
2003,2781988.736,486265.07,87.804,C160
2004,2782008.22,486269.926,87.938,C180
2005,2782008.783,486268.2,87.937,C180
2006,2782009.395,486266.65,87.928,C180
2007,2782007.663,486271.346,87.943,C180
2008,2782007.297,486272.448,87.942,C180
IP3,2781952.17,486247.626,89.375,IP
2009,2782026.721,486277.273,87.788,C200
2010,2782027.197,486275.414,87.786,C200
2011,2782027.586,486273.869,87.777,C200
2012,2782026.939,486278.962,87.782,C200
2013,2782026.984,486280.241,87.764,C200
2014,2782046.485,486273.801,87.531,C220
2015,2782045.74,486272.085,87.504,C220
2016,2782045.199,486270.862,87.493,C220
2017,2782047.494,486276.931,87.548,C220
2018,2782047.22,486275.778,87.557,C220
2019,2782064.558,486265.107,87.747,C240
2020,2782065.629,486267.365,87.739,C240
2021,2782066.29,486268.879,87.736,C240
2022,2782063.765,486263.315,87.749,C240
2023,2782063.053,486262.027,87.753,C240
2024,2782082.8,486256.966,87.944,C260
2025,2782083.598,486258.91,87.927,C260
2026,2782084.418,486260.37,87.919,C260
2027,2782082.222,486255.333,87.95,C260
2028,2782081.865,486253.562,87.969,C260
IP4,2782099.826,486255.638,88.116,IP
2029,2782102.63,486260.531,88.061,C280
2030,2782101.32,486261.759,88.041,C280
2031,2782099.582,486263.825,88.01,C280
2032,2782104.724,486257.815,88.127,C280
2033,2782103.775,486259.044,88.094,C280
2034,2782115.485,486275.932,87.863,C300
2035,2782114.02,486276.976,87.856,C300
2036,2782112.77,486278.014,87.853,C300
2037,2782117.031,486274.81,87.865,C300
2038,2782118.209,486274.045,87.865,C300
2039,2782124.004,486286.146,87.559,C314
2040,2782124.938,486284.952,87.544,C314
2041,2782125.933,486283.761,87.534,C314
2042,2782122.566,486287.51,87.582,C314
2043,2782121.099,486288.83,87.57,C314
